club_id,club_code,name,domestic_competition_id,total_market_value,squad_size,average_age,foreigners_number,foreigners_percentage,national_team_players,stadium_name,stadium_seats,net_transfer_record,coach_name,last_season,filename,url
10,arminia-bielefeld,Arminia Bielefeld,L1,,27,25.3,15,55.6,4,SchücoArena,26515,+€5.90m,,2021,../data/raw/transfermarkt-scraper/2021/clubs.json.gz,https://www.transfermarkt.co.uk/arminia-bielefeld/startseite/verein/10
10004,paris-fc,Paris FC,FR1,,27,27.2,14,51.9,7,Stade Jean Bouin,19904,€-25.00m,Stéphane Gilli,2025,../data/raw/transfermarkt-scraper/2025/clubs.json.gz,https://www.transfermarkt.co.uk/paris-fc/startseite/verein/10004
10010,esporte-clube-bahia,Esporte Clube Bahia,BRA1,,32,26.6,9,28.1,3,Arena Fonte Nova,47364,+€8.14m,,2025,../data/raw/transfermarkt-scraper/2025/clubs.json.gz,https://www.transfermarkt.co.uk/esporte-clube-bahia/startseite/verein/10010
1003,leicester-city,Leicester City,GB1,,29,25.9,17,58.6,9,King Power Stadium,32259,+€57.30m,Steve Cooper,2024,../data/raw/transfermarkt-scraper/2024/clubs.json.gz,https://www.transfermarkt.co.uk/leicester-city/startseite/verein/1003
1005,us-lecce,US Lecce,IT1,,39,23.8,36,92.3,10,Ettore Giardiniero,31559,+€3.35m,Eusebio Di Francesco,2025,../data/raw/transfermarkt-scraper/2025/clubs.json.gz,https://www.transfermarkt.co.uk/us-lecce/startseite/verein/1005
1010,fc-watford,Watford FC,GB1,,30,26.3,24,80.0,12,Vicarage Road,21577,+€42.02m,,2021,../data/raw/transfermarkt-scraper/2021/clubs.json.gz,https://www.transfermarkt.co.uk/fc-watford/startseite/verein/1010
1022,cerezo-osaka,Cerezo Osaka,JAP1,,29,26.1,3,10.3,1,YANMAR Hanasaka Stadium,24481,+-0,,2025,../data/raw/transfermarkt-scraper/2025/clubs.json.gz,https://www.transfermarkt.co.uk/cerezo-osaka/startseite/verein/1022
1023,se-palmeiras-sao-paulo,Sociedade Esportiva Palmeiras,BRA1,,31,25.9,9,29.0,10,Nubank Parque,43713,+€31.54m,,2025,../data/raw/transfermarkt-scraper/2025/clubs.json.gz,https://www.transfermarkt.co.uk/se-palmeiras-sao-paulo/startseite/verein/1023
1025,fc-bologna,Bologna Football Club 1909,IT1,,27,27.4,17,63.0,11,Stadio Renato Dall’Ara,36462,+€27.70m,,2025,../data/raw/transfermarkt-scraper/2025/clubs.json.gz,https://www.transfermarkt.co.uk/fc-bologna/startseite/verein/1025
1029,club-atletico-velez-sarsfield,Club Atlético Vélez Sársfield,ARG1,,26,25.7,4,15.4,1,José Amalfitani,49747,+€29.92m,,2025,../data/raw/transfermarkt-scraper/2025/clubs.json.gz,https://www.transfermarkt.co.uk/club-atletico-velez-sarsfield/startseite/verein/1029
1030,argentinos-juniors,Asociación Atlética Argentinos Juniors,ARG1,,30,26.9,4,13.3,2,Diego Armando Maradona,22063,+€16.53m,,2025,../data/raw/transfermarkt-scraper/2025/clubs.json.gz,https://www.transfermarkt.co.uk/argentinos-juniors/startseite/verein/1030
1031,luton-town,Luton Town,GB1,,30,26.1,16,53.3,7,Kenilworth Road,11850,+€9.00m,,2023,../data/raw/transfermarkt-scraper/2023/clubs.json.gz,https://www.transfermarkt.co.uk/luton-town/startseite/verein/1031
1032,fc-reading,Reading FC,GB1,,30,23.1,14,46.7,5,Select Car Leasing Stadium,24161,+€3.06m,,2012,../data/raw/transfermarkt-scraper/2012/clubs.json.gz,https://www.transfermarkt.co.uk/fc-reading/startseite/verein/1032
1038,sampdoria-genua,UC Sampdoria,IT1,,33,24.3,5,15.6,4,Luigi Ferraris,36348,+€1.75m,,2022,../data/raw/transfermarkt-scraper/2022/clubs.json.gz,https://www.transfermarkt.co.uk/sampdoria-genua/startseite/verein/1038
1039,queens-park-rangers,Queens Park Rangers,GB1,,26,25.9,15,57.7,8,Loftus Road Stadium,18360,+€900k,,2014,../data/raw/transfermarkt-scraper/2014/clubs.json.gz,https://www.transfermarkt.co.uk/queens-park-rangers/startseite/verein/1039
1041,olympique-lyon,Olympique Lyon,FR1,,34,24.7,25,73.5,12,Groupama Stadium,59186,+€14.20m,Paulo Fonseca,2025,../data/raw/transfermarkt-scraper/2025/clubs.json.gz,https://www.transfermarkt.co.uk/olympique-lyon/startseite/verein/1041
1047,como-1907,Como 1907,IT1,,40,25.6,32,80.0,15,Giuseppe Sinigaglia,12039,€-11.70m,Cesc Fàbregas,2025,../data/raw/transfermarkt-scraper/2025/clubs.json.gz,https://www.transfermarkt.co.uk/como-1907/startseite/verein/1047
1049,fc-valencia,Valencia CF,ES1,,27,27.7,13,48.1,5,Mestalla,49430,€-4.00m,Carlos Corberán,2025,../data/raw/transfermarkt-scraper/2025/clubs.json.gz,https://www.transfermarkt.co.uk/fc-valencia/startseite/verein/1049
10492,esporte-clube-juventude,Esporte Clube Juventude,BRA1,,29,28.3,3,10.3,0,Estádio Alfredo Jaconi,23726,+€1.13m,Roger Machado,2024,../data/raw/transfermarkt-scraper/2024/clubs.json.gz,https://www.transfermarkt.co.uk/esporte-clube-juventude/startseite/verein/10492
105,sv-darmstadt-98,SV Darmstadt 98,L1,,27,25.6,13,48.1,1,Merck-Stadion am Böllenfalltor,17810,+€3.05m,,2023,../data/raw/transfermarkt-scraper/2023/clubs.json.gz,https://www.transfermarkt.co.uk/sv-darmstadt-98/startseite/verein/105
1050,fc-villarreal,Villarreal CF,ES1,,27,25.3,14,51.9,11,La Cerámica,23500,+€2.50m,Marcelino,2025,../data/raw/transfermarkt-scraper/2025/clubs.json.gz,https://www.transfermarkt.co.uk/fc-villarreal/startseite/verein/1050
10511,club-atletico-san-martin-sj-,CA San Martín (San Juan),ARG1,,30,27.4,1,3.3,0,Ingeniero Hilario Sánchez,26500,+-0,Leandro Romagnoli,2024,../data/raw/transfermarkt-scraper/2024/clubs.json.gz,https://www.transfermarkt.co.uk/club-atletico-san-martin-sj-/startseite/verein/10511
1061,los-angeles-galaxy,Los Angeles Galaxy,MLS1,,27,26.4,14,51.9,2,Dignity Health Sports Park,27000,€-1.01m,,2025,../data/raw/transfermarkt-scraper/2025/clubs.json.gz,https://www.transfermarkt.co.uk/los-angeles-galaxy/startseite/verein/1061
1062,shimizu-s-pulse,S-Pulse,JAP1,,37,27.5,9,24.3,4,IAI Stadium Nihondaira,20299,€-180k,,2025,../data/raw/transfermarkt-scraper/2025/clubs.json.gz,https://www.transfermarkt.co.uk/shimizu-s-pulse/startseite/verein/1062
1066,nagoya-grampus,Nagoya Grampus Eight,JAP1,,30,28.6,3,10.0,2,Toyota Stadium,45000,+-0,,2025,../data/raw/transfermarkt-scraper/2025/clubs.json.gz,https://www.transfermarkt.co.uk/nagoya-grampus/startseite/verein/1066
1071,wigan-athletic,Wigan Athletic,GB1,,26,24.0,8,30.8,2,DW Stadium,25133,+€290k,,2012,../data/raw/transfermarkt-scraper/2012/clubs.json.gz,https://www.transfermarkt.co.uk/wigan-athletic/startseite/verein/1071
1075,sc-braga,SC Braga,PO1,,38,24.9,23,60.5,11,Estádio Municipal de Braga,30286,+€18.30m,Carlos Vicens,2025,../data/raw/transfermarkt-scraper/2025/clubs.json.gz,https://www.transfermarkt.co.uk/sc-braga/startseite/verein/1075
1082,losc-lille,LOSC Lille,FR1,,30,24.4,19,63.3,8,Decathlon Arena-Stade Pierre-Mauroy,50186,€-15.50m,Bruno Genesio,2025,../data/raw/transfermarkt-scraper/2025/clubs.json.gz,https://www.transfermarkt.co.uk/losc-lille/startseite/verein/1082
1084,fc-malaga,Málaga CF,ES1,,27,27.9,8,29.6,0,La Rosaleda,30044,+€950k,,2017,../data/raw/transfermarkt-scraper/2017/clubs.json.gz,https://www.transfermarkt.co.uk/fc-malaga/startseite/verein/1084
1085,vitoria-setubal-fc,Vitória Setúbal FC,PO1,,29,26.0,10,34.5,0,Estádio do Bonfim,18642,+-0,,2019,../data/raw/transfermarkt-scraper/2019/clubs.json.gz,https://www.transfermarkt.co.uk/vitoria-setubal-fc/startseite/verein/1085
10870,fortaleza-esporte-clube,Fortaleza Esporte Clube,BRA1,,29,27.1,5,17.2,0,Estádio Governador Plácido Castelo,63904,+€6.25m,Juan Pablo Vojvoda,2024,../data/raw/transfermarkt-scraper/2024/clubs.json.gz,https://www.transfermarkt.co.uk/fortaleza-esporte-clube/startseite/verein/10870
1090,az-alkmaar,AZ Alkmaar,NL1,,31,24.3,11,35.5,3,AFAS Stadion,19500,+€15.30m,Maarten Martens,2025,../data/raw/transfermarkt-scraper/2025/clubs.json.gz,https://www.transfermarkt.co.uk/az-alkmaar/startseite/verein/1090
1095,es-troyes-ac,ESTAC Troyes,FR1,,29,23.1,16,57.1,5,Stade de l'Aube,21877,+-0,,2022,../data/raw/transfermarkt-scraper/2022/clubs.json.gz,https://www.transfermarkt.co.uk/es-troyes-ac/startseite/verein/1095
10997,clube-do-remo-pa-,Clube do Remo,BRA1,,37,27.9,6,16.2,0,Estádio Evandro Almeida,13792,€-2.84m,,2025,../data/raw/transfermarkt-scraper/2025/clubs.json.gz,https://www.transfermarkt.co.uk/clube-do-remo-pa-/startseite/verein/10997
11,fc-arsenal,Arsenal FC,GB1,,29,26.2,19,65.5,21,Emirates Stadium,60704,€-20.00m,Mikel Arteta,2025,../data/raw/transfermarkt-scraper/2025/clubs.json.gz,https://www.transfermarkt.co.uk/fc-arsenal/startseite/verein/11
110302,avs-futebol-sad,Avs Futebol,PO1,,22,28.6,16,72.7,0,Estádio do Clube Desportivo das Aves,6230,+€4.00m,José Mota,2025,../data/raw/transfermarkt-scraper/2025/clubs.json.gz,https://www.transfermarkt.co.uk/avs-futebol-sad/startseite/verein/110302
1106,club-de-gimnasia-y-esgrima-la-plata,Club de Gimnasia y Esgrima La Plata,ARG1,,31,25.2,2,6.5,0,Juan Carmelo Zerillo,30973,+€2.00m,,2025,../data/raw/transfermarkt-scraper/2025/clubs.json.gz,https://www.transfermarkt.co.uk/club-de-gimnasia-y-esgrima-la-plata/startseite/verein/1106
1108,deportivo-alaves,Deportivo Alavés,ES1,,27,27.0,14,51.9,4,Mendizorroza,19840,€-2.00m,Eduardo Coudet,2025,../data/raw/transfermarkt-scraper/2025/clubs.json.gz,https://www.transfermarkt.co.uk/deportivo-alaves/startseite/verein/1108
1110,huddersfield-town,Huddersfield Town,GB1,,33,26.7,12,36.4,3,John Smith's Stadium,24500,+€11.28m,,2018,../data/raw/transfermarkt-scraper/2018/clubs.json.gz,https://www.transfermarkt.co.uk/huddersfield-town/startseite/verein/1110
11141,toronto-fc,Toronto FC,MLS1,,27,26.3,14,51.9,8,BMO Field,30991,€-26.78m,,2025,../data/raw/transfermarkt-scraper/2025/clubs.json.gz,https://www.transfermarkt.co.uk/toronto-fc/startseite/verein/11141
1123,norwich-city,Norwich City,GB1,,25,26.0,17,68.0,12,Carrow Road,27244,€-10.33m,,2021,../data/raw/transfermarkt-scraper/2021/clubs.json.gz,https://www.transfermarkt.co.uk/norwich-city/startseite/verein/1123
1132,fc-burnley,Burnley FC,GB1,,30,25.9,24,80.0,12,Turf Moor,21994,€-6.50m,Scott Parker,2025,../data/raw/transfermarkt-scraper/2025/clubs.json.gz,https://www.transfermarkt.co.uk/fc-burnley/startseite/verein/1132
1147,ac-ajaccio,AC Ajaccio,FR1,,24,27.5,11,45.8,6,Stade François-Coty,10446,+-0,,2022,../data/raw/transfermarkt-scraper/2022/clubs.json.gz,https://www.transfermarkt.co.uk/ac-ajaccio/startseite/verein/1147
1148,fc-brentford,Brentford FC,GB1,,34,25.0,25,73.5,16,Gtech Community Stadium,17250,€-28.50m,Keith Andrews,2025,../data/raw/transfermarkt-scraper/2025/clubs.json.gz,https://www.transfermarkt.co.uk/fc-brentford/startseite/verein/1148
114977,san-diego-fc,San Diego Football Club,MLS1,,28,25.9,18,64.3,5,Snapdragon Stadium,35000,€-3.81m,,2025,../data/raw/transfermarkt-scraper/2025/clubs.json.gz,https://www.transfermarkt.co.uk/san-diego-fc/startseite/verein/114977
1158,fc-lorient,FC Lorient,FR1,,23,25.6,14,60.9,8,Stade du Moustoir,16787,€-1.00m,Olivier Pantaloni,2025,../data/raw/transfermarkt-scraper/2025/clubs.json.gz,https://www.transfermarkt.co.uk/fc-lorient/startseite/verein/1158
1159,as-nancy-lorraine,AS Nancy-Lorraine,FR1,,27,25.7,5,18.5,0,Stade Marcel-Picot,20087,+-0,,2016,../data/raw/transfermarkt-scraper/2016/clubs.json.gz,https://www.transfermarkt.co.uk/as-nancy-lorraine/startseite/verein/1159
1160,nimes-olympique,Nîmes Olympique,FR1,,26,25.4,12,46.2,3,Stade des Antonins,8033,+€2.50m,,2020,../data/raw/transfermarkt-scraper/2020/clubs.json.gz,https://www.transfermarkt.co.uk/nimes-olympique/startseite/verein/1160
1162,sm-caen,SM Caen,FR1,,27,25.7,12,44.4,4,Stade Michel-d'Ornano,20500,+€3.05m,,2018,../data/raw/transfermarkt-scraper/2018/clubs.json.gz,https://www.transfermarkt.co.uk/sm-caen/startseite/verein/1162
11831,club-atletico-tigre,Club Atlético Tigre,ARG1,,30,26.0,3,10.0,0,José Dellagiovanna,26282,+€915k,,2025,../data/raw/transfermarkt-scraper/2025/clubs.json.gz,https://www.transfermarkt.co.uk/club-atletico-tigre/startseite/verein/11831
12,as-rom,Associazione Sportiva Roma,IT1,,27,26.3,19,70.4,13,Olimpico di Roma,70634,€-24.45m,,2025,../data/raw/transfermarkt-scraper/2025/clubs.json.gz,https://www.transfermarkt.co.uk/as-rom/startseite/verein/12
1210,as-livorno,US Livorno 1915,IT1,,29,24.1,5,17.2,0,Armando Picchi,19238,+-0,,2013,../data/raw/transfermarkt-scraper/2013/clubs.json.gz,https://www.transfermarkt.co.uk/as-livorno/startseite/verein/1210
12179,independiente-rivadavia,Club Sportivo Independiente Rivadavia,ARG1,,28,27.1,6,21.4,1,Bautista Gargantini,24000,€-3.86m,,2025,../data/raw/transfermarkt-scraper/2025/clubs.json.gz,https://www.transfermarkt.co.uk/independiente-rivadavia/startseite/verein/12179
12301,club-atletico-aldosivi,Club Atlético Aldosivi,ARG1,,33,27.6,2,6.1,0,José María Minella,35180,+€2.56m,,2025,../data/raw/transfermarkt-scraper/2025/clubs.json.gz,https://www.transfermarkt.co.uk/club-atletico-aldosivi/startseite/verein/12301
12321,fc-girona,Girona FC,ES1,,25,25.2,14,56.0,5,Montilivi,14624,+€13.80m,Míchel,2025,../data/raw/transfermarkt-scraper/2025/clubs.json.gz,https://www.transfermarkt.co.uk/fc-girona/startseite/verein/12321
1234,club-atletico-independiente,Club Atlético Independiente de Avellaneda,ARG1,,26,27.9,7,26.9,5,Libertadores de América-Ricardo Enrique Bochini,48069,€-1.86m,,2025,../data/raw/transfermarkt-scraper/2025/clubs.json.gz,https://www.transfermarkt.co.uk/club-atletico-independiente/startseite/verein/1234
1237,brighton-amp-hove-albion,Brighton & Hove Albion,GB1,,37,25.0,29,78.4,19,AMEX Stadium,31876,€-8.70m,Fabian Hürzeler,2025,../data/raw/transfermarkt-scraper/2025/clubs.json.gz,https://www.transfermarkt.co.uk/brighton-amp-hove-albion/startseite/verein/1237
1244,cd-leganes,CD Leganés,ES1,,24,27.7,5,20.8,3,Ontime Butarque,14422,+€17.05m,Borja Jiménez,2024,../data/raw/transfermarkt-scraper/2024/clubs.json.gz,https://www.transfermarkt.co.uk/cd-leganes/startseite/verein/1244
12454,club-atletico-sarmiento-junin-,Club Atlético Sarmiento,ARG1,,30,27.0,5,16.7,0,Eva Perón,23156,+€853k,,2025,../data/raw/transfermarkt-scraper/2025/clubs.json.gz,https://www.transfermarkt.co.uk/club-atletico-sarmiento-junin-/startseite/verein/12454
1247,colorado-rapids,Colorado Rapids,MLS1,,30,23.7,16,53.3,6,Dick's Sporting Goods Park,33680,€-4.86m,,2025,../data/raw/transfermarkt-scraper/2025/clubs.json.gz,https://www.transfermarkt.co.uk/colorado-rapids/startseite/verein/1247
12574,club-deportivo-godoy-cruz-antonio-tomba,CD Godoy Cruz Antonio Tomba,ARG1,,31,25.7,2,6.5,0,Feliciano Gambarte,23000,+€8.69m,Daniel Oldrá,2024,../data/raw/transfermarkt-scraper/2024/clubs.json.gz,https://www.transfermarkt.co.uk/club-deportivo-godoy-cruz-antonio-tomba/startseite/verein/12574
1268,ado-den-haag,ADO Den Haag,NL1,,34,23.5,9,26.5,4,Bingoal Stadion,15000,+-0,,2020,../data/raw/transfermarkt-scraper/2020/clubs.json.gz,https://www.transfermarkt.co.uk/ado-den-haag/startseite/verein/1268
1269,pec-zwolle,PEC Zwolle,NL1,,21,25.3,7,33.3,2,MAC³PARK stadion,14000,€-2.00m,Mirjam Clifford,2025,../data/raw/transfermarkt-scraper/2025/clubs.json.gz,https://www.transfermarkt.co.uk/pec-zwolle/startseite/verein/1269
127,sc-paderborn-07,SC Paderborn 07,L1,,26,25.7,5,19.2,1,Home Deluxe Arena,15000,€-450k,,2019,../data/raw/transfermarkt-scraper/2019/clubs.json.gz,https://www.transfermarkt.co.uk/sc-paderborn-07/startseite/verein/127
1283,fc-emmen,FC Emmen,NL1,,17,25.6,6,35.3,0,De Oude Meerdijk,8309,+-0,,2022,../data/raw/transfermarkt-scraper/2022/clubs.json.gz,https://www.transfermarkt.co.uk/fc-emmen/startseite/verein/1283
1286,club-atletico-newells-old-boys,Club Atlético Newell’s Old Boys,ARG1,,34,26.1,7,20.6,0,Marcelo Bielsa,49000,+€3.20m,,2025,../data/raw/transfermarkt-scraper/2025/clubs.json.gz,https://www.transfermarkt.co.uk/club-atletico-newells-old-boys/startseite/verein/1286
13,atletico-madrid,Atlético de Madrid,ES1,,26,27.8,17,65.4,20,Riyadh Air Metropolitano,70460,€-62.00m,Diego Simeone,2025,../data/raw/transfermarkt-scraper/2025/clubs.json.gz,https://www.transfermarkt.co.uk/atletico-madrid/startseite/verein/13
130,parma-calcio-1913,Parma Calcio 1913,IT1,,33,23.8,24,72.7,4,Ennio Tardini,22352,€-17.30m,Carlos Cuesta,2025,../data/raw/transfermarkt-scraper/2025/clubs.json.gz,https://www.transfermarkt.co.uk/parma-calcio-1913/startseite/verein/130
1301,cs-maritimo,CS Marítimo,PO1,,29,27.2,19,65.5,2,Estádio do Marítimo,10600,+€200k,,2022,../data/raw/transfermarkt-scraper/2022/clubs.json.gz,https://www.transfermarkt.co.uk/cs-maritimo/startseite/verein/1301
1304,heracles-almelo,Heracles Almelo,NL1,,30,25.2,16,53.3,3,Asito Stadion,12242,+-0,Bas Sibum,2025,../data/raw/transfermarkt-scraper/2025/clubs.json.gz,https://www.transfermarkt.co.uk/heracles-almelo/startseite/verein/1304
131,fc-barcelona,FC Barcelona,ES1,,28,24.3,10,35.7,18,Spotify Camp Nou,62657,€-66.00m,Hansi Flick,2025,../data/raw/transfermarkt-scraper/2025/clubs.json.gz,https://www.transfermarkt.co.uk/fc-barcelona/startseite/verein/131
132,nac-breda,NAC Breda,NL1,,21,26.1,14,66.7,2,Rat Verlegh Stadion,20500,+-0,Jo Jansen,2025,../data/raw/transfermarkt-scraper/2025/clubs.json.gz,https://www.transfermarkt.co.uk/nac-breda/startseite/verein/132
133,sc-cambuur-leeuwarden,SC Cambuur Leeuwarden,NL1,,16,23.1,4,25.0,3,Cambuurstadion,10250,+-0,,2022,../data/raw/transfermarkt-scraper/2022/clubs.json.gz,https://www.transfermarkt.co.uk/sc-cambuur-leeuwarden/startseite/verein/133
1387,acn-siena-1904,Siena FC,IT1,,20,25.5,2,10.0,0,Artemio Franchi,15373,+-0,,2012,../data/raw/transfermarkt-scraper/2012/clubs.json.gz,https://www.transfermarkt.co.uk/acn-siena-1904/startseite/verein/1387
1390,cagliari-calcio,Cagliari Calcio,IT1,,32,23.7,18,56.3,5,Unipol Domus,16416,+€8.25m,Fabio Pisacane,2025,../data/raw/transfermarkt-scraper/2025/clubs.json.gz,https://www.transfermarkt.co.uk/cagliari-calcio/startseite/verein/1390
1416,amiens-sc,Amiens SC,FR1,,24,24.1,10,41.7,7,Stade Crédit Agricole la Licorne,12999,+€700k,,2019,../data/raw/transfermarkt-scraper/2019/clubs.json.gz,https://www.transfermarkt.co.uk/amiens-sc/startseite/verein/1416
14171,thonon-evian-grand-geneve-fc,Thonon Évian Grand Genève FC,FR1,,27,27.4,6,22.2,1,Stade Camille Fournier,2500,+-0,,2014,../data/raw/transfermarkt-scraper/2014/clubs.json.gz,https://www.transfermarkt.co.uk/thonon-evian-grand-geneve-fc/startseite/verein/14171
1418,club-atletico-rosario-central,Club Atlético Rosario Central,ARG1,,28,27.2,6,21.4,4,Gigante de Arroyito,46755,€-285k,,2025,../data/raw/transfermarkt-scraper/2025/clubs.json.gz,https://www.transfermarkt.co.uk/club-atletico-rosario-central/startseite/verein/1418
142,real-saragossa,Real Zaragoza,ES1,,23,26.0,6,26.1,1,La Romareda,33608,+€30k,,2012,../data/raw/transfermarkt-scraper/2012/clubs.json.gz,https://www.transfermarkt.co.uk/real-saragossa/startseite/verein/142
1420,sco-angers,Angers SCO,FR1,,22,24.5,13,59.1,6,Stade Raymond-Kopa,19350,+€17.75m,Alexandre Dujeux,2025,../data/raw/transfermarkt-scraper/2025/clubs.json.gz,https://www.transfermarkt.co.uk/sco-angers/startseite/verein/1420
1421,stade-reims,Stade Reims,FR1,,24,24.0,19,79.2,7,Stade Auguste-Delaune,20519,+€81.98m,Luka Elsner,2024,../data/raw/transfermarkt-scraper/2024/clubs.json.gz,https://www.transfermarkt.co.uk/stade-reims/startseite/verein/1421
1423,fc-valenciennes,Valenciennes FC,FR1,,30,23.6,15,50.0,5,Stade du Hainaut,25000,+€2.52m,,2013,../data/raw/transfermarkt-scraper/2013/clubs.json.gz,https://www.transfermarkt.co.uk/fc-valenciennes/startseite/verein/1423
1426,vvv-venlo,VVV-Venlo,NL1,,28,22.9,7,25.0,0,Covebo Stadion - De Koel,8000,+-0,,2020,../data/raw/transfermarkt-scraper/2020/clubs.json.gz,https://www.transfermarkt.co.uk/vvv-venlo/startseite/verein/1426
1429,cesena-fc,Cesena FC,IT1,,28,26.0,4,14.3,0,Orogel Stadium - Dino Manuzzi,23860,+€335k,,2014,../data/raw/transfermarkt-scraper/2014/clubs.json.gz,https://www.transfermarkt.co.uk/cesena-fc/startseite/verein/1429
1434,sc-telstar,SC Telstar,NL1,,19,24.9,5,26.3,1,BUKO Stadion,5338,+-0,Anthony Correia,2025,../data/raw/transfermarkt-scraper/2025/clubs.json.gz,https://www.transfermarkt.co.uk/sc-telstar/startseite/verein/1434
1435,go-ahead-eagles-deventer,Go Ahead Eagles,NL1,,26,25.2,14,53.8,3,De Adelaarshorst,10400,+€8.20m,Mike Klein,2025,../data/raw/transfermarkt-scraper/2025/clubs.json.gz,https://www.transfermarkt.co.uk/go-ahead-eagles-deventer/startseite/verein/1435
1436,sc-beira-mar,SC Beira-Mar,PO1,,26,26.6,8,30.8,0,Estádio Municipal de Aveiro,32830,+-0,,2012,../data/raw/transfermarkt-scraper/2012/clubs.json.gz,https://www.transfermarkt.co.uk/sc-beira-mar/startseite/verein/1436
1444,racing-club,Racing Club Asociación Civil de Avellaneda,ARG1,,31,26.5,6,19.4,1,Presidente Perón,55000,+€10.17m,,2025,../data/raw/transfermarkt-scraper/2025/clubs.json.gz,https://www.transfermarkt.co.uk/racing-club/startseite/verein/1444
1455,fc-dordrecht,FC Dordrecht,NL1,,29,23.3,12,41.4,1,Matchoholic Stadion,4235,+-0,,2014,../data/raw/transfermarkt-scraper/2014/clubs.json.gz,https://www.transfermarkt.co.uk/fc-dordrecht/startseite/verein/1455
14554,club-atletico-tucuman,Club Atlético Tucumán,ARG1,,30,26.9,6,20.0,0,Monumental José Fierro,35200,+€2.11m,,2025,../data/raw/transfermarkt-scraper/2025/clubs.json.gz,https://www.transfermarkt.co.uk/club-atletico-tucuman/startseite/verein/14554
14602,aa-estudiantes-de-rio-cuarto,Asociación Atlética Estudiantes,ARG1,,32,28.6,2,6.3,0,Antonio Candini,12000,+€260k,,2025,../data/raw/transfermarkt-scraper/2025/clubs.json.gz,https://www.transfermarkt.co.uk/aa-estudiantes-de-rio-cuarto/startseite/verein/14602
1465,gd-estoril-praia,GD Estoril Praia,PO1,,26,25.5,15,57.7,4,Estádio António Coimbra da Mota,5094,+€7.00m,Ian Cathro,2025,../data/raw/transfermarkt-scraper/2025/clubs.json.gz,https://www.transfermarkt.co.uk/gd-estoril-praia/startseite/verein/1465
14687,gimnasia-y-esgrima-de-mendoza,Club Atlético Gimnasia y Esgrima de Mendoza,ARG1,,30,27.4,4,13.3,0,Víctor Antonio Legrotaglie,14000,€-840k,,2025,../data/raw/transfermarkt-scraper/2025/clubs.json.gz,https://www.transfermarkt.co.uk/gimnasia-y-esgrima-de-mendoza/startseite/verein/14687
148,tottenham-hotspur,Tottenham Hotspur,GB1,,37,25.5,28,75.7,24,Tottenham Hotspur Stadium,62850,€-251.20m,Thomas Frank,2025,../data/raw/transfermarkt-scraper/2025/clubs.json.gz,https://www.transfermarkt.co.uk/tottenham-hotspur/startseite/verein/148
15,bayer-04-leverkusen,Bayer 04 Leverkusen,L1,,36,24.5,27,75.0,12,BayArena,30210,+€14.00m,Erik ten Hag,2025,../data/raw/transfermarkt-scraper/2025/clubs.json.gz,https://www.transfermarkt.co.uk/bayer-04-leverkusen/startseite/verein/15
150,real-betis-sevilla,Real Betis Balompié,ES1,,26,27.5,12,46.2,6,La Cartuja,71374,+€8.65m,Manuel Pellegrini,2025,../data/raw/transfermarkt-scraper/2025/clubs.json.gz,https://www.transfermarkt.co.uk/real-betis-sevilla/startseite/verein/150
1531,fc-elche,Elche CF,ES1,,23,25.6,12,52.2,2,Manuel Martínez Valero,31388,€-6.50m,Eder Sarabia,2025,../data/raw/transfermarkt-scraper/2025/clubs.json.gz,https://www.transfermarkt.co.uk/fc-elche/startseite/verein/1531
1533,sd-eibar,SD Eibar,ES1,,26,28.3,5,19.2,0,Ipurua,8164,+€2.60m,,2020,../data/raw/transfermarkt-scraper/2020/clubs.json.gz,https://www.transfermarkt.co.uk/sd-eibar/startseite/verein/1533
16,borussia-dortmund,Borussia Dortmund,L1,,29,24.8,16,55.2,15,SIGNAL IDUNA PARK,81365,€-19.50m,Niko Kovac,2025,../data/raw/transfermarkt-scraper/2025/clubs.json.gz,https://www.transfermarkt.co.uk/borussia-dortmund/startseite/verein/16
162,as-monaco,AS Monaco,FR1,,28,25.4,28,100.0,9,Stade Louis-II,18525,€-4.50m,Adi Hütter,2025,../data/raw/transfermarkt-scraper/2025/clubs.json.gz,https://www.transfermarkt.co.uk/as-monaco/startseite/verein/162
1627,catania-calcio,Catania FC,IT1,,27,26.0,5,18.5,0,Cibali - Angelo Massimino,20204,€-101k,,2013,../data/raw/transfermarkt-scraper/2013/clubs.json.gz,https://www.transfermarkt.co.uk/catania-calcio/startseite/verein/1627
167,fc-augsburg,FC Augsburg,L1,,30,25.9,17,56.7,9,WWK ARENA,30660,€-2.55m,Sandro Wagner,2025,../data/raw/transfermarkt-scraper/2025/clubs.json.gz,https://www.transfermarkt.co.uk/fc-augsburg/startseite/verein/167
16795,fc-granada,Granada CF,ES1,,24,26.1,8,33.3,4,Nuevo Los Cármenes,19336,+€19.70m,,2023,../data/raw/transfermarkt-scraper/2023/clubs.json.gz,https://www.transfermarkt.co.uk/fc-granada/startseite/verein/16795
1775,club-atletico-san-lorenzo-de-almagro,Club Atlético San Lorenzo de Almagro,ARG1,,34,25.5,4,11.8,1,Pedro Bidegain,47964,+€6.56m,,2025,../data/raw/transfermarkt-scraper/2025/clubs.json.gz,https://www.transfermarkt.co.uk/club-atletico-san-lorenzo-de-almagro/startseite/verein/1775
17776,chapecoense,Associação Chapecoense de Futebol,BRA1,,34,28.0,2,5.9,0,Arena Condá,22600,+-0,,2025,../data/raw/transfermarkt-scraper/2025/clubs.json.gz,https://www.transfermarkt.co.uk/chapecoense/startseite/verein/17776
18,borussia-monchengladbach,Borussia Mönchengladbach,L1,,29,26.5,17,58.6,11,Stadion im Borussia-Park,54042,+€8.20m,Gerardo Seoane,2025,../data/raw/transfermarkt-scraper/2025/clubs.json.gz,https://www.transfermarkt.co.uk/borussia-monchengladbach/startseite/verein/18
180,fc-southampton,Southampton FC,GB1,,27,26.6,15,55.6,6,St Mary's Stadium,32384,+€86.56m,Russell Martin,2024,../data/raw/transfermarkt-scraper/2024/clubs.json.gz,https://www.transfermarkt.co.uk/fc-southampton/startseite/verein/180
1829,instituto-ac-cordoba,Instituto Atlético Central Córdoba,ARG1,,31,26.5,3,9.7,0,Juan Domingo Perón,25000,€-40k,,2025,../data/raw/transfermarkt-scraper/2025/clubs.json.gz,https://www.transfermarkt.co.uk/instituto-ac-cordoba/startseite/verein/1829
189,club-atletico-boca-juniors,Club Atlético Boca Juniors,ARG1,,36,27.7,7,19.4,4,Alberto J. Armando,54000,€-6.58m,,2025,../data/raw/transfermarkt-scraper/2025/clubs.json.gz,https://www.transfermarkt.co.uk/club-atletico-boca-juniors/startseite/verein/189
19,brescia-calcio,Brescia Calcio,IT1,,28,25.1,12,42.9,1,Mario Rigamonti,19550,+€3.65m,,2019,../data/raw/transfermarkt-scraper/2019/clubs.json.gz,https://www.transfermarkt.co.uk/brescia-calcio/startseite/verein/19
192,roda-jc-kerkrade,Roda JC Kerkrade,NL1,,25,24.0,9,36.0,0,Parkstad Limburg Stadion,19979,+€1.30m,,2017,../data/raw/transfermarkt-scraper/2017/clubs.json.gz,https://www.transfermarkt.co.uk/roda-jc-kerkrade/startseite/verein/192
19775,cd-riestra,Asociación de Fomento Deportivo Riestra Barrio Colón,ARG1,,33,29.7,3,9.1,0,Guillermo Laza,10000,€-430k,,2025,../data/raw/transfermarkt-scraper/2025/clubs.json.gz,https://www.transfermarkt.co.uk/cd-riestra/startseite/verein/19775
199,corinthians-sao-paulo,Sport Club Corinthians Paulista,BRA1,,34,27.2,7,20.6,3,Neo Química Arena,49205,+€2.19m,,2025,../data/raw/transfermarkt-scraper/2025/clubs.json.gz,https://www.transfermarkt.co.uk/corinthians-sao-paulo/startseite/verein/199
200,fc-utrecht,FC Utrecht,NL1,,31,23.8,21,67.7,2,"Stadion ""Galgenwaard""",23750,€-2.00m,Ron Jans,2025,../data/raw/transfermarkt-scraper/2025/clubs.json.gz,https://www.transfermarkt.co.uk/fc-utrecht/startseite/verein/200
202,fc-groningen,FC Groningen,NL1,,24,23.4,9,37.5,3,Euroborg,22550,+€1.55m,Dick Lukkien,2025,../data/raw/transfermarkt-scraper/2025/clubs.json.gz,https://www.transfermarkt.co.uk/fc-groningen/startseite/verein/202
2029,ceara-sporting-club,Ceará Sporting Club,BRA1,,29,28.0,2,6.9,0,Estádio Governador Plácido Castelo,63904,+€2.30m,Anderson Batatais,2024,../data/raw/transfermarkt-scraper/2024/clubs.json.gz,https://www.transfermarkt.co.uk/ceara-sporting-club/startseite/verein/2029
2036,1-fc-heidenheim-1846,1. Fußballclub Heidenheim 1846,L1,,29,26.5,7,24.1,2,Voith-Arena,15000,+€7.50m,,2025,../data/raw/transfermarkt-scraper/2025/clubs.json.gz,https://www.transfermarkt.co.uk/1-fc-heidenheim-1846/startseite/verein/2036
2063,club-atletico-huracan,Club Atlético Huracán,ARG1,,30,27.8,7,23.3,2,Tomás Adolfo Ducó,43482,+€7.42m,,2025,../data/raw/transfermarkt-scraper/2025/clubs.json.gz,https://www.transfermarkt.co.uk/club-atletico-huracan/startseite/verein/2063
209,club-atletico-river-plate,Club Atlético River Plate,ARG1,,37,26.5,9,24.3,15,Mâs Monumental,85018,+€22.93m,,2025,../data/raw/transfermarkt-scraper/2025/clubs.json.gz,https://www.transfermarkt.co.uk/club-atletico-river-plate/startseite/verein/209
210,gremio-porto-alegre,Grêmio Foot-Ball Porto Alegrense,BRA1,,34,26.5,11,32.4,3,Arena do Grêmio,60540,€-6.38m,,2025,../data/raw/transfermarkt-scraper/2025/clubs.json.gz,https://www.transfermarkt.co.uk/gremio-porto-alegre/startseite/verein/210
2125,esporte-clube-vitoria,Esporte Clube Vitória,BRA1,,39,28.3,7,17.9,0,Estádio Manoel Barradas,30793,+€1.36m,,2025,../data/raw/transfermarkt-scraper/2025/clubs.json.gz,https://www.transfermarkt.co.uk/esporte-clube-vitoria/startseite/verein/2125
218,san-jose-earthquakes,San Jose Earthquakes,MLS1,,30,26.2,10,33.3,3,PayPal Park,18000,+€580k,,2025,../data/raw/transfermarkt-scraper/2025/clubs.json.gz,https://www.transfermarkt.co.uk/san-jose-earthquakes/startseite/verein/218
21975,mito-hollyhock,Football Club Mito HollyHock,JAP1,,34,26.2,3,8.8,0,K's denki Stadium Mito,12000,+-0,,2025,../data/raw/transfermarkt-scraper/2025/clubs.json.gz,https://www.transfermarkt.co.uk/mito-hollyhock/startseite/verein/21975
221,fc-santos,Santos Futebol Clube,BRA1,,37,26.7,9,24.3,4,Estádio Urbano Caldeira,16068,+€7.21m,,2025,../data/raw/transfermarkt-scraper/2025/clubs.json.gz,https://www.transfermarkt.co.uk/fc-santos/startseite/verein/221
22171,fagiano-okayama,Fagiano Okayama Sports Club,JAP1,,32,27.2,4,12.5,1,JFE Hare no Kuni Stadium,20000,+-0,,2025,../data/raw/transfermarkt-scraper/2025/clubs.json.gz,https://www.transfermarkt.co.uk/fagiano-okayama/startseite/verein/22171
2239,us-cremonese,US Cremonese,IT1,,33,26.0,8,24.2,4,Giovanni Zini,16003,€-2.70m,Giovanni Persico,2025,../data/raw/transfermarkt-scraper/2025/clubs.json.gz,https://www.transfermarkt.co.uk/us-cremonese/startseite/verein/2239
2241,kashima-antlers,Kashima Antlers FC,JAP1,,29,27.1,5,17.2,3,Kashima Soccer Stadium,40728,+-0,,2025,../data/raw/transfermarkt-scraper/2025/clubs.json.gz,https://www.transfermarkt.co.uk/kashima-antlers/startseite/verein/2241
2288,swansea-city,Swansea City,GB1,,22,24.8,17,77.3,4,Swansea.com Stadium,21088,+€8.35m,,2017,../data/raw/transfermarkt-scraper/2017/clubs.json.gz,https://www.transfermarkt.co.uk/swansea-city/startseite/verein/2288
23,eintracht-braunschweig,Eintracht Braunschweig,L1,,30,25.6,11,36.7,2,EINTRACHT-Stadion,23325,+€750k,,2013,../data/raw/transfermarkt-scraper/2013/clubs.json.gz,https://www.transfermarkt.co.uk/eintracht-braunschweig/startseite/verein/23
234,feyenoord-rotterdam,Feyenoord Rotterdam,NL1,,37,25.3,20,54.1,13,"Stadion Feyenoord ""De Kuip""",47500,€-12.20m,Robin van Persie,2025,../data/raw/transfermarkt-scraper/2025/clubs.json.gz,https://www.transfermarkt.co.uk/feyenoord-rotterdam/startseite/verein/234
235,rkc-waalwijk,RKC Waalwijk,NL1,,31,24.7,9,29.0,6,Mandemakers Stadion,7186,+€4.15m,Henk Fraser,2024,../data/raw/transfermarkt-scraper/2024/clubs.json.gz,https://www.transfermarkt.co.uk/rkc-waalwijk/startseite/verein/235
23568,machida-zelvia,Zelvia,JAP1,,26,28.6,7,26.9,4,Machida GION Stadium,15320,+-0,,2025,../data/raw/transfermarkt-scraper/2025/clubs.json.gz,https://www.transfermarkt.co.uk/machida-zelvia/startseite/verein/23568
23581,v-varen-nagasaki,V-Varen Nagasaki,JAP1,,34,28.2,8,23.5,1,Peace Stadium connected by SoftBank,20027,€-900k,,2025,../data/raw/transfermarkt-scraper/2025/clubs.json.gz,https://www.transfermarkt.co.uk/v-varen-nagasaki/startseite/verein/23581
237,rcd-mallorca,RCD Mallorca,ES1,,24,27.3,9,37.5,6,Mallorca Son Moix,25736,+€28.20m,Jagoba Arrasate,2025,../data/raw/transfermarkt-scraper/2025/clubs.json.gz,https://www.transfermarkt.co.uk/rcd-mallorca/startseite/verein/237
23826,rasenballsport-leipzig,RB Leipzig,L1,,33,23.9,22,66.7,12,Red Bull Arena,47069,+€22.25m,Ole Werner,2025,../data/raw/transfermarkt-scraper/2025/clubs.json.gz,https://www.transfermarkt.co.uk/rasenballsport-leipzig/startseite/verein/23826
24,eintracht-frankfurt,Eintracht Frankfurt,L1,,32,25.1,21,65.6,15,Deutsche Bank Park,59500,+€52.40m,Dino Toppmöller,2025,../data/raw/transfermarkt-scraper/2025/clubs.json.gz,https://www.transfermarkt.co.uk/eintracht-frankfurt/startseite/verein/24
2402,defensa-y-justicia,Club Social y Deportivo Defensa y Justicia,ARG1,,29,26.2,8,27.6,1,Norberto Tomaghello,18750,+€3.19m,,2025,../data/raw/transfermarkt-scraper/2025/clubs.json.gz,https://www.transfermarkt.co.uk/defensa-y-justicia/startseite/verein/2402
2417,ca-belgrano,Club Atlético Belgrano,ARG1,,27,27.6,4,14.8,1,Julio César Villagra,38550,+€5.64m,,2025,../data/raw/transfermarkt-scraper/2025/clubs.json.gz,https://www.transfermarkt.co.uk/ca-belgrano/startseite/verein/2417
2420,vitoria-guimaraes-sc,Vitória Guimarães SC,PO1,,27,24.5,16,59.3,3,Estádio D. Afonso Henriques,30029,+€18.50m,Luís Pinto,2025,../data/raw/transfermarkt-scraper/2025/clubs.json.gz,https://www.transfermarkt.co.uk/vitoria-guimaraes-sc/startseite/verein/2420
2423,cd-santa-clara,CD Santa Clara,PO1,,35,25.3,23,65.7,1,Estádio de São Miguel,12500,+€7.78m,Vasco Matos,2025,../data/raw/transfermarkt-scraper/2025/clubs.json.gz,https://www.transfermarkt.co.uk/cd-santa-clara/startseite/verein/2423
2424,gil-vicente-fc,Gil Vicente FC,PO1,,27,24.9,20,74.1,3,Estádio Cidade de Barcelos,12046,+€5.33m,César Peixoto,2025,../data/raw/transfermarkt-scraper/2025/clubs.json.gz,https://www.transfermarkt.co.uk/gil-vicente-fc/startseite/verein/2424
2425,rio-ave-fc,Rio Ave FC,PO1,,25,24.5,24,96.0,4,Estádio do Rio Ave FC,5300,€-600k,Sotiris Sylaidopoulos,2025,../data/raw/transfermarkt-scraper/2025/clubs.json.gz,https://www.transfermarkt.co.uk/rio-ave-fc/startseite/verein/2425
2431,cf-estrela-amadora-sad,CF Estrela Amadora,PO1,,29,24.4,24,82.8,3,Estádio José Gomes,9288,€-1.00m,José Faria,2025,../data/raw/transfermarkt-scraper/2025/clubs.json.gz,https://www.transfermarkt.co.uk/cf-estrela-amadora-sad/startseite/verein/2431
244,olympique-marseille,Olympique Marseille,FR1,,26,27.9,25,96.2,12,Orange Vélodrome,67394,€-40.10m,Roberto De Zerbi,2025,../data/raw/transfermarkt-scraper/2025/clubs.json.gz,https://www.transfermarkt.co.uk/olympique-marseille/startseite/verein/244
2440,d-c-united,D.C. United,MLS1,,26,25.9,12,46.2,5,Audi Field,20000,€-11.29m,,2025,../data/raw/transfermarkt-scraper/2025/clubs.json.gz,https://www.transfermarkt.co.uk/d-c-united/startseite/verein/2440
2448,sporting-gijon,Sporting Gijón,ES1,,28,26.2,10,35.7,2,El Molinón - Enrique Castro Quini,29029,+€5.23m,,2016,../data/raw/transfermarkt-scraper/2016/clubs.json.gz,https://www.transfermarkt.co.uk/sporting-gijon/startseite/verein/2448
2457,belenenses-sad,B SAD,PO1,,25,24.2,13,52.0,4,Estádio Nacional do Jamor,37593,+€1.80m,,2021,../data/raw/transfermarkt-scraper/2021/clubs.json.gz,https://www.transfermarkt.co.uk/belenenses-sad/startseite/verein/2457
2462,fluminense-rio-de-janeiro,Fluminense Football Club,BRA1,,33,29.7,11,33.3,4,Estádio Jornalista Mário Filho,82238,€-6.76m,,2025,../data/raw/transfermarkt-scraper/2025/clubs.json.gz,https://www.transfermarkt.co.uk/fluminense-rio-de-janeiro/startseite/verein/2462
2497,real-oviedo,Real Oviedo,ES1,,21,26.4,7,33.3,3,Carlos Tartiere,30500,€-200k,Veljko Paunovic,2025,../data/raw/transfermarkt-scraper/2025/clubs.json.gz,https://www.transfermarkt.co.uk/real-oviedo/startseite/verein/2497
2503,boavista-porto-fc,Boavista FC,PO1,,9,26.8,2,22.2,0,Estádio do Bessa Século XXI,28263,+€100k,Cristiano Bacci,2024,../data/raw/transfermarkt-scraper/2024/clubs.json.gz,https://www.transfermarkt.co.uk/boavista-porto-fc/startseite/verein/2503
25184,club-atletico-barracas-central,Club Atlético Barracas Central,ARG1,,29,28.8,7,24.1,2,Claudio Chiqui Tapia,18000,+-0,,2025,../data/raw/transfermarkt-scraper/2025/clubs.json.gz,https://www.transfermarkt.co.uk/club-atletico-barracas-central/startseite/verein/25184
252,genua-cfc,Genoa CFC,IT1,,31,24.0,20,64.5,7,Luigi Ferraris,34901,€-5.40m,Patrick Vieira,2025,../data/raw/transfermarkt-scraper/2025/clubs.json.gz,https://www.transfermarkt.co.uk/genua-cfc/startseite/verein/252
2521,fc-alverca,FC Alverca,PO1,,23,24.2,19,82.6,1,Complexo Desportivo FC Alverca,6932,+-0,Custódio,2025,../data/raw/transfermarkt-scraper/2025/clubs.json.gz,https://www.transfermarkt.co.uk/fc-alverca/startseite/verein/2521
25467,philadelphia-union,Philadelphia Union,MLS1,,29,23.8,10,34.5,4,Subaru Park,18500,€-3.65m,,2025,../data/raw/transfermarkt-scraper/2025/clubs.json.gz,https://www.transfermarkt.co.uk/philadelphia-union/startseite/verein/25467
2687,fc-cadiz,Cádiz CF,ES1,,26,28.7,6,23.1,2,Nuevo Mirandilla,21094,+€4.00m,,2023,../data/raw/transfermarkt-scraper/2023/clubs.json.gz,https://www.transfermarkt.co.uk/fc-cadiz/startseite/verein/2687
269,holstein-kiel,Holstein Kiel,L1,,29,25.1,15,51.7,4,Holstein-Stadion,15034,+€7.97m,Marcel Rapp,2024,../data/raw/transfermarkt-scraper/2024/clubs.json.gz,https://www.transfermarkt.co.uk/holstein-kiel/startseite/verein/269
2697,sanfrecce-hiroshima,Sanfrecce Hiroshima,JAP1,,27,27.2,2,7.4,6,EDION Peace Wing Hiroshima,28529,+-0,,2025,../data/raw/transfermarkt-scraper/2025/clubs.json.gz,https://www.transfermarkt.co.uk/sanfrecce-hiroshima/startseite/verein/2697
27,fc-bayern-munchen,Bayern Munich,L1,,31,26.1,15,48.4,20,Allianz Arena,75000,€-81.25m,Vincent Kompany,2025,../data/raw/transfermarkt-scraper/2025/clubs.json.gz,https://www.transfermarkt.co.uk/fc-bayern-munchen/startseite/verein/27
2722,spal,SPAL,IT1,,32,26.0,8,25.0,2,Paolo Mazza,16134,+€2.75m,,2019,../data/raw/transfermarkt-scraper/2019/clubs.json.gz,https://www.transfermarkt.co.uk/spal/startseite/verein/2722
273,fc-stade-rennes,Stade Rennais FC,FR1,,34,25.3,20,58.8,15,Roazhon Park,29778,+€36.00m,Habib Beye,2025,../data/raw/transfermarkt-scraper/2025/clubs.json.gz,https://www.transfermarkt.co.uk/fc-stade-rennes/startseite/verein/273
276,hellas-verona,Hellas Verona,IT1,,29,24.4,23,79.3,8,Marcantonio Bentegodi,39211,+€17.30m,Paolo Zanetti,2025,../data/raw/transfermarkt-scraper/2025/clubs.json.gz,https://www.transfermarkt.co.uk/hellas-verona/startseite/verein/276
281,manchester-city,Manchester City,GB1,,32,25.2,20,62.5,22,Etihad Stadium,61000,€-152.03m,Pep Guardiola,2025,../data/raw/transfermarkt-scraper/2025/clubs.json.gz,https://www.transfermarkt.co.uk/manchester-city/startseite/verein/281
288,club-estudiantes-de-la-plata,Club Estudiantes de La Plata,ARG1,,32,27.4,6,18.8,1,Jorge Luis Hirschi,32530,+€6.53m,,2025,../data/raw/transfermarkt-scraper/2025/clubs.json.gz,https://www.transfermarkt.co.uk/club-estudiantes-de-la-plata/startseite/verein/288
289,afc-sunderland,Sunderland AFC,GB1,,31,25.7,25,80.6,16,Stadium of Light,48707,+€22.00m,Régis Le Bris,2025,../data/raw/transfermarkt-scraper/2025/clubs.json.gz,https://www.transfermarkt.co.uk/afc-sunderland/startseite/verein/289
29,fc-everton,Everton FC,GB1,,23,25.8,11,47.8,9,Hill Dickinson Stadium,52769,€-65.30m,David Moyes,2025,../data/raw/transfermarkt-scraper/2025/clubs.json.gz,https://www.transfermarkt.co.uk/fc-everton/startseite/verein/29
290,aj-auxerre,AJ Auxerre,FR1,,31,24.2,19,61.3,9,Stade de l'Abbé-Deschamps,18541,€-12.55m,Christophe Pélissier,2025,../data/raw/transfermarkt-scraper/2025/clubs.json.gz,https://www.transfermarkt.co.uk/aj-auxerre/startseite/verein/290
2919,ac-monza,AC Monza,IT1,,29,26.5,12,41.4,2,Brianteo,17102,+€14.90m,Alessandro Nesta,2024,../data/raw/transfermarkt-scraper/2024/clubs.json.gz,https://www.transfermarkt.co.uk/ac-monza/startseite/verein/2919
2921,delfino-pescara-1936,Delfino Pescara 1936,IT1,,28,24.6,6,21.4,1,Adriatico,20476,+€4.60m,,2016,../data/raw/transfermarkt-scraper/2016/clubs.json.gz,https://www.transfermarkt.co.uk/delfino-pescara-1936/startseite/verein/2921
294,benfica-lissabon,SL Benfica,PO1,,30,24.7,17,56.7,16,Estádio da Luz,68100,+€11.75m,Bruno Lage,2025,../data/raw/transfermarkt-scraper/2025/clubs.json.gz,https://www.transfermarkt.co.uk/benfica-lissabon/startseite/verein/294
2969,dijon-fco,Dijon FCO,FR1,,29,25.8,14,48.3,4,Stade Gaston-Gérard,16098,+€1.50m,,2020,../data/raw/transfermarkt-scraper/2020/clubs.json.gz,https://www.transfermarkt.co.uk/dijon-fco/startseite/verein/2969
2990,academica-coimbra,Académica Coimbra,PO1,,26,25.2,6,23.1,0,Estádio Cidade de Coimbra,29744,+€150k,,2015,../data/raw/transfermarkt-scraper/2015/clubs.json.gz,https://www.transfermarkt.co.uk/academica-coimbra/startseite/verein/2990
2995,fc-pacos-de-ferreira,FC Paços de Ferreira,PO1,,32,25.5,17,50.0,1,Estádio Capital do Móvel,9076,+-0,,2022,../data/raw/transfermarkt-scraper/2022/clubs.json.gz,https://www.transfermarkt.co.uk/fc-pacos-de-ferreira/startseite/verein/2995
3,1-fc-koln,1.FC Köln,L1,,28,25.7,12,42.9,6,RheinEnergieSTADION,50000,€-1.90m,Lukas Kwasniok,2025,../data/raw/transfermarkt-scraper/2025/clubs.json.gz,https://www.transfermarkt.co.uk/1-fc-koln/startseite/verein/3
3008,hull-city,Hull City,GB1,,28,25.0,17,60.7,6,MKM Stadium,25586,+€7.50m,,2016,../data/raw/transfermarkt-scraper/2016/clubs.json.gz,https://www.transfermarkt.co.uk/hull-city/startseite/verein/3008
306,sc-heerenveen,SC Heerenveen,NL1,,23,24.0,13,56.5,2,Abe Lenstra Stadion,27224,+-0,Robin Veldman,2025,../data/raw/transfermarkt-scraper/2025/clubs.json.gz,https://www.transfermarkt.co.uk/sc-heerenveen/startseite/verein/306
31,fc-liverpool,Liverpool FC,GB1,,29,25.4,22,75.9,18,Anfield,61276,€-103.60m,Arne Slot,2025,../data/raw/transfermarkt-scraper/2025/clubs.json.gz,https://www.transfermarkt.co.uk/fc-liverpool/startseite/verein/31
31284,club-atletico-central-cordoba-sde-,Club Atlético Central Córdoba,ARG1,,27,26.4,3,11.1,0,Único Madre de Ciudades,30000,+-0,,2025,../data/raw/transfermarkt-scraper/2025/clubs.json.gz,https://www.transfermarkt.co.uk/club-atletico-central-cordoba-sde-/startseite/verein/31284
317,fc-twente-enschede,FC Twente Enschede,NL1,,31,25.3,18,58.1,4,De Grolsch Veste,30205,+€10.40m,Joseph Oosting,2025,../data/raw/transfermarkt-scraper/2025/clubs.json.gz,https://www.transfermarkt.co.uk/fc-twente-enschede/startseite/verein/317
3268,casa-pia-ac,Casa Pia AC,PO1,,23,27.4,17,73.9,2,Estádio Municipal de Rio Maior,7000,+€700k,João Pereira,2025,../data/raw/transfermarkt-scraper/2025/clubs.json.gz,https://www.transfermarkt.co.uk/casa-pia-ac/startseite/verein/3268
33,fc-schalke-04,FC Schalke 04,L1,,27,26.4,12,44.4,4,Veltins-Arena,62271,+€10.30m,,2022,../data/raw/transfermarkt-scraper/2022/clubs.json.gz,https://www.transfermarkt.co.uk/fc-schalke-04/startseite/verein/33
330,clube-atletico-mineiro,Clube Atlético Mineiro,BRA1,,33,25.7,9,27.3,6,Arena MRV,44892,€-1.24m,,2025,../data/raw/transfermarkt-scraper/2025/clubs.json.gz,https://www.transfermarkt.co.uk/clube-atletico-mineiro/startseite/verein/330
3302,ud-almeria,UD Almería,ES1,,24,25.2,13,54.2,5,Power Horse Stadium,18331,€-1.60m,,2023,../data/raw/transfermarkt-scraper/2023/clubs.json.gz,https://www.transfermarkt.co.uk/ud-almeria/startseite/verein/3302
331,ca-osasuna,CA Osasuna,ES1,,20,28.0,3,15.0,2,El Sadar,23576,+€40.50m,Alessio Lisci,2025,../data/raw/transfermarkt-scraper/2025/clubs.json.gz,https://www.transfermarkt.co.uk/ca-osasuna/startseite/verein/331
3325,gd-chaves,GD Chaves,PO1,,29,25.8,17,58.6,1,Estádio Municipal Eng.º Manuel Branco Teixeira,8396,+€1.40m,,2023,../data/raw/transfermarkt-scraper/2023/clubs.json.gz,https://www.transfermarkt.co.uk/gd-chaves/startseite/verein/3325
3327,fc-penafiel,FC Penafiel,PO1,,28,27.9,4,14.3,0,Estádio Municipal 25 de Abril,5230,+-0,,2014,../data/raw/transfermarkt-scraper/2014/clubs.json.gz,https://www.transfermarkt.co.uk/fc-penafiel/startseite/verein/3327
3329,fc-famalicao,FC Famalicão,PO1,,26,23.7,18,69.2,3,Estádio Municipal de Famalicão,5186,€-4.00m,Hugo Oliveira,2025,../data/raw/transfermarkt-scraper/2025/clubs.json.gz,https://www.transfermarkt.co.uk/fc-famalicao/startseite/verein/3329
333,club-atletico-lanus,Club Atlético Lanús,ARG1,,29,27.0,6,20.7,2,Ciudad de Lanús - Néstor Díaz Pérez,46619,+€5.44m,,2025,../data/raw/transfermarkt-scraper/2025/clubs.json.gz,https://www.transfermarkt.co.uk/club-atletico-lanus/startseite/verein/333
3336,desportivo-aves,Desportivo Aves (- 2020),PO1,,0,,0,,0,Estádio CD das Aves,5441,+-0,,2019,../data/raw/transfermarkt-scraper/2019/clubs.json.gz,https://www.transfermarkt.co.uk/desportivo-aves/startseite/verein/3336
3349,cd-feirense,CD Feirense,PO1,,24,25.0,11,45.8,2,Estádio Marcolino de Castro,5401,+€325k,,2018,../data/raw/transfermarkt-scraper/2018/clubs.json.gz,https://www.transfermarkt.co.uk/cd-feirense/startseite/verein/3349
336,sporting-lissabon,Sporting CP,PO1,,30,25.0,18,60.0,13,Estádio José Alvalade,52095,+€31.97m,Rui Borges,2025,../data/raw/transfermarkt-scraper/2025/clubs.json.gz,https://www.transfermarkt.co.uk/sporting-lissabon/startseite/verein/336
3368,ud-levante,Levante UD,ES1,,22,24.6,5,22.7,3,Ciutat de València,26354,+-0,Julián Calero,2025,../data/raw/transfermarkt-scraper/2025/clubs.json.gz,https://www.transfermarkt.co.uk/ud-levante/startseite/verein/3368
347,fc-metz,FC Metz,FR1,,22,25.0,13,59.1,5,Stade Saint-Symphorien,28786,+€16.00m,Stéphane Le Mignan,2025,../data/raw/transfermarkt-scraper/2025/clubs.json.gz,https://www.transfermarkt.co.uk/fc-metz/startseite/verein/347
35,fc-st-pauli,FC St. Pauli,L1,,28,25.9,23,82.1,8,Millerntor-Stadion,29546,+€1.80m,Alexander Blessin,2025,../data/raw/transfermarkt-scraper/2025/clubs.json.gz,https://www.transfermarkt.co.uk/fc-st-pauli/startseite/verein/35
350,sheffield-united,Sheffield United,GB1,,28,24.2,11,39.3,5,Bramall Lane,32702,+€31.02m,,2023,../data/raw/transfermarkt-scraper/2023/clubs.json.gz,https://www.transfermarkt.co.uk/sheffield-united/startseite/verein/350
3522,spezia-calcio,Spezia Calcio,IT1,,32,24.4,25,78.1,11,Alberto Picco,11676,€-3.95m,,2022,../data/raw/transfermarkt-scraper/2022/clubs.json.gz,https://www.transfermarkt.co.uk/spezia-calcio/startseite/verein/3522
3524,clermont-foot-63,Clermont Foot 63,FR1,,30,23.9,18,60.0,5,Stade Gabriel-Montpied,10800,+€4.00m,,2023,../data/raw/transfermarkt-scraper/2023/clubs.json.gz,https://www.transfermarkt.co.uk/clermont-foot-63/startseite/verein/3524
3558,gfc-ajaccio,GFC Ajaccio,FR1,,5,26.8,1,20.0,1,Stade Ange-Casanova,4050,+-0,,2015,../data/raw/transfermarkt-scraper/2015/clubs.json.gz,https://www.transfermarkt.co.uk/gfc-ajaccio/startseite/verein/3558
366,real-valladolid,Real Valladolid CF,ES1,,28,25.4,14,50.0,1,José Zorrilla,27618,+€11.30m,Paulo Pezzolano,2024,../data/raw/transfermarkt-scraper/2024/clubs.json.gz,https://www.transfermarkt.co.uk/real-valladolid/startseite/verein/366
367,rayo-vallecano,Rayo Vallecano,ES1,,24,28.4,11,45.8,6,Estadio de Vallecas,14708,€-5.00m,Iñigo Pérez,2025,../data/raw/transfermarkt-scraper/2025/clubs.json.gz,https://www.transfermarkt.co.uk/rayo-vallecano/startseite/verein/367
368,fc-sevilla,Sevilla FC,ES1,,27,26.8,13,48.1,7,Ramón Sánchez-Pizjuán,43883,€-6.00m,Matías Almeyda,2025,../data/raw/transfermarkt-scraper/2025/clubs.json.gz,https://www.transfermarkt.co.uk/fc-sevilla/startseite/verein/368
3709,fc-getafe,Getafe CF,ES1,,22,27.0,12,54.5,4,Coliseum,16800,€-8.00m,José Bordalás,2025,../data/raw/transfermarkt-scraper/2025/clubs.json.gz,https://www.transfermarkt.co.uk/fc-getafe/startseite/verein/3709
3734,tokyo-verdy,Tokyo Verdy,JAP1,,35,24.7,2,5.7,0,Ajinomoto Stadium,49970,+-0,,2025,../data/raw/transfermarkt-scraper/2025/clubs.json.gz,https://www.transfermarkt.co.uk/tokyo-verdy/startseite/verein/3734
379,west-ham-united,West Ham United,GB1,,27,25.8,17,63.0,11,London Stadium,62500,+€97.85m,Graham Potter,2025,../data/raw/transfermarkt-scraper/2025/clubs.json.gz,https://www.transfermarkt.co.uk/west-ham-united/startseite/verein/379
38,fortuna-dusseldorf,Fortuna Düsseldorf,L1,,29,25.9,12,41.4,2,MERKUR SPIEL-ARENA,54600,+€600k,,2019,../data/raw/transfermarkt-scraper/2019/clubs.json.gz,https://www.transfermarkt.co.uk/fortuna-dusseldorf/startseite/verein/38
380,us-salernitana-1919,US Salernitana 1919,IT1,,30,24.5,16,53.3,3,Arechi,29739,+€18.80m,,2023,../data/raw/transfermarkt-scraper/2023/clubs.json.gz,https://www.transfermarkt.co.uk/us-salernitana-1919/startseite/verein/380
3828,yokohama-f-marinos,Yokohama Marinos,JAP1,,34,27.2,7,20.6,0,NISSAN Stadium,72327,+-0,,2025,../data/raw/transfermarkt-scraper/2025/clubs.json.gz,https://www.transfermarkt.co.uk/yokohama-f-marinos/startseite/verein/3828
383,psv-eindhoven,PSV Eindhoven,NL1,,27,25.2,15,55.6,11,Philips Stadion,35000,+€32.00m,Peter Bosz,2025,../data/raw/transfermarkt-scraper/2025/clubs.json.gz,https://www.transfermarkt.co.uk/psv-eindhoven/startseite/verein/383
385,fortuna-sittard,Fortuna Sittardia Combinatie,NL1,,28,27.3,15,53.6,2,Fortuna Sittard Stadion,12800,+€2.10m,,2025,../data/raw/transfermarkt-scraper/2025/clubs.json.gz,https://www.transfermarkt.co.uk/fortuna-sittard/startseite/verein/385
3876,mirassol-futebol-clube-sp-,Mirasol Futebol Clube,BRA1,,32,30.1,1,3.1,0,Estádio Municipal José María de Campos Maia,14534,+€1.67m,,2025,../data/raw/transfermarkt-scraper/2025/clubs.json.gz,https://www.transfermarkt.co.uk/mirassol-futebol-clube-sp-/startseite/verein/3876
39,1-fsv-mainz-05,1.FSV Mainz 05,L1,,30,27.1,16,53.3,12,Mewa Arena,33305,+€4.20m,Bo Henriksen,2025,../data/raw/transfermarkt-scraper/2025/clubs.json.gz,https://www.transfermarkt.co.uk/1-fsv-mainz-05/startseite/verein/39
3911,stade-brest-29,Stade Brestois 29,FR1,,19,25.5,6,31.6,3,Stade Francis-Le Blé,15220,+-0,Éric Roy,2025,../data/raw/transfermarkt-scraper/2025/clubs.json.gz,https://www.transfermarkt.co.uk/stade-brest-29/startseite/verein/3911
3938,club-atletico-talleres,Club Atlético Talleres,ARG1,,32,24.9,8,25.0,2,Mario Alberto Kempes,57000,+€10.85m,,2025,../data/raw/transfermarkt-scraper/2025/clubs.json.gz,https://www.transfermarkt.co.uk/club-atletico-talleres/startseite/verein/3938
3958,vissel-kobe,Rakuten Vissel Kobe,JAP1,,42,26.9,6,14.3,0,NOEVIR Stadium Kobe,30132,+€1.50m,,2025,../data/raw/transfermarkt-scraper/2025/clubs.json.gz,https://www.transfermarkt.co.uk/vissel-kobe/startseite/verein/3958
398,lazio-rom,Società Sportiva Lazio S.p.A.,IT1,,28,27.8,17,60.7,11,Olimpico di Roma,70634,+€13.55m,,2025,../data/raw/transfermarkt-scraper/2025/clubs.json.gz,https://www.transfermarkt.co.uk/lazio-rom/startseite/verein/398
399,leeds-united,Leeds United,GB1,,29,27.2,21,72.4,15,Elland Road,37890,+€23.20m,Daniel Farke,2025,../data/raw/transfermarkt-scraper/2025/clubs.json.gz,https://www.transfermarkt.co.uk/leeds-united/startseite/verein/399
4,1-fc-nurnberg,1.FC Nuremberg,L1,,33,25.2,7,21.2,2,Max-Morlock-Stadion,50000,+€2.63m,,2018,../data/raw/transfermarkt-scraper/2018/clubs.json.gz,https://www.transfermarkt.co.uk/1-fc-nurnberg/startseite/verein/4
40,fc-girondins-bordeaux,FC Girondins Bordeaux,FR1,,26,22.7,13,50.0,6,Matmut Atlantique,42115,+€12.70m,,2021,../data/raw/transfermarkt-scraper/2021/clubs.json.gz,https://www.transfermarkt.co.uk/fc-girondins-bordeaux/startseite/verein/40
40058,new-york-city-fc,New York City Football Club,MLS1,,33,24.8,18,54.5,7,Yankee Stadium,30321,€-8.83m,,2025,../data/raw/transfermarkt-scraper/2025/clubs.json.gz,https://www.transfermarkt.co.uk/new-york-city-fc/startseite/verein/40058
403,willem-ii-tilburg,Willem II Tilburg,NL1,,26,24.9,8,30.8,1,Koning Willem II Stadion,14700,€-875k,Peter Maes,2024,../data/raw/transfermarkt-scraper/2024/clubs.json.gz,https://www.transfermarkt.co.uk/willem-ii-tilburg/startseite/verein/403
405,aston-villa,Aston Villa,GB1,,29,27.4,21,72.4,16,Villa Park,43205,+€31.50m,Unai Emery,2025,../data/raw/transfermarkt-scraper/2025/clubs.json.gz,https://www.transfermarkt.co.uk/aston-villa/startseite/verein/405
4078,club-de-foot-montreal,Club de Foot Montréal,MLS1,,28,24.0,19,67.9,7,Stade Saputo,20801,+€3.95m,,2025,../data/raw/transfermarkt-scraper/2025/clubs.json.gz,https://www.transfermarkt.co.uk/club-de-foot-montreal/startseite/verein/4078
4083,fc-crotone,FC Crotone,IT1,,25,27.0,6,24.0,1,Ezio Scida,16640,+€3.90m,,2020,../data/raw/transfermarkt-scraper/2020/clubs.json.gz,https://www.transfermarkt.co.uk/fc-crotone/startseite/verein/4083
41,hamburger-sv,Hamburger SV,L1,,26,24.6,17,65.4,6,Volksparkstadion,57000,€-3.20m,Merlin Polzin,2025,../data/raw/transfermarkt-scraper/2025/clubs.json.gz,https://www.transfermarkt.co.uk/hamburger-sv/startseite/verein/41
410,udinese-calcio,Udinese Calcio,IT1,,39,25.5,33,84.6,12,Bluenergy Stadium,25144,€-18.00m,Kosta Runjaić,2025,../data/raw/transfermarkt-scraper/2025/clubs.json.gz,https://www.transfermarkt.co.uk/udinese-calcio/startseite/verein/410
4102,carpi-fc-1909,AC Carpi,IT1,,25,23.6,6,24.0,1,Sandro Cabassi,5510,+-0,,2015,../data/raw/transfermarkt-scraper/2015/clubs.json.gz,https://www.transfermarkt.co.uk/carpi-fc-1909/startseite/verein/4102
415,fc-toulouse,FC Toulouse,FR1,,24,22.9,14,58.3,6,Stadium Municipal,33150,+€25.50m,Carles Martínez,2025,../data/raw/transfermarkt-scraper/2025/clubs.json.gz,https://www.transfermarkt.co.uk/fc-toulouse/startseite/verein/415
416,fc-turin,Torino FC,IT1,,27,25.6,17,63.0,9,Olimpico Grande Torino,28177,€-2.30m,Marco Baroni,2025,../data/raw/transfermarkt-scraper/2025/clubs.json.gz,https://www.transfermarkt.co.uk/fc-turin/startseite/verein/416
417,ogc-nizza,OGC Nice,FR1,,27,25.3,19,70.4,11,Allianz Riviera,36178,+€11.30m,Franck Haise,2025,../data/raw/transfermarkt-scraper/2025/clubs.json.gz,https://www.transfermarkt.co.uk/ogc-nizza/startseite/verein/417
4171,benevento-calcio,Benevento Calcio,IT1,,31,26.7,16,51.6,2,Ciro Vigorito,16867,€-1.93m,,2020,../data/raw/transfermarkt-scraper/2020/clubs.json.gz,https://www.transfermarkt.co.uk/benevento-calcio/startseite/verein/4171
4172,ac-pisa-1909,Pisa Sporting Club,IT1,,35,24.7,20,57.1,5,Cetilar® Arena,12508,€-7.08m,Alberto Gilardino,2025,../data/raw/transfermarkt-scraper/2025/clubs.json.gz,https://www.transfermarkt.co.uk/ac-pisa-1909/startseite/verein/4172
418,real-madrid,Real Madrid,ES1,,30,25.5,20,66.7,20,Santiago Bernabéu,83186,€-67.50m,Xabi Alonso,2025,../data/raw/transfermarkt-scraper/2025/clubs.json.gz,https://www.transfermarkt.co.uk/real-madrid/startseite/verein/418
42,hannover-96,Hannover 96,L1,,28,25.0,6,21.4,1,Heinz-von-Heiden-Arena,49000,€-300k,,2018,../data/raw/transfermarkt-scraper/2018/clubs.json.gz,https://www.transfermarkt.co.uk/hannover-96/startseite/verein/42
4284,sporting-kansas-city,Sporting Kansas City,MLS1,,25,24.5,11,44.0,3,Sporting Park,21000,€-7.11m,,2025,../data/raw/transfermarkt-scraper/2025/clubs.json.gz,https://www.transfermarkt.co.uk/sporting-kansas-city/startseite/verein/4284
4291,portland-timbers,Portland Timbers,MLS1,,26,26.9,17,65.4,6,Providence Park,25218,€-2.75m,,2025,../data/raw/transfermarkt-scraper/2025/clubs.json.gz,https://www.transfermarkt.co.uk/portland-timbers/startseite/verein/4291
4294,sc-farense,SC Farense,PO1,,32,26.9,19,59.4,2,Estádio de São Luís,7000,+€800k,José Mota,2024,../data/raw/transfermarkt-scraper/2024/clubs.json.gz,https://www.transfermarkt.co.uk/sc-farense/startseite/verein/4294
430,ac-florenz,ACF Fiorentina,IT1,,36,25.2,16,44.4,11,Artemio Franchi,43147,€-35.50m,Stefano Pioli,2025,../data/raw/transfermarkt-scraper/2025/clubs.json.gz,https://www.transfermarkt.co.uk/ac-florenz/startseite/verein/430
432,chicago-fire-fc,Chicago Fire Soccer Club,MLS1,,29,26.2,15,51.7,5,Soldier Field,61500,€-4.83m,,2025,../data/raw/transfermarkt-scraper/2025/clubs.json.gz,https://www.transfermarkt.co.uk/chicago-fire-fc/startseite/verein/432
44,hertha-bsc,Hertha BSC,L1,,36,24.1,14,38.9,7,Olympiastadion Berlin,74667,+€6.70m,,2022,../data/raw/transfermarkt-scraper/2022/clubs.json.gz,https://www.transfermarkt.co.uk/hertha-bsc/startseite/verein/44
45604,orlando-city-sc,Orlando City Soccer Club,MLS1,,26,24.9,19,73.1,6,Inter&Co Stadium,25500,€-631k,,2025,../data/raw/transfermarkt-scraper/2025/clubs.json.gz,https://www.transfermarkt.co.uk/orlando-city-sc/startseite/verein/45604
458,palermo-fc,Palermo FC,IT1,,28,25.6,7,25.0,4,"Comunale Renzo Barbera ""La Favorita""",36365,€-7.94m,,2016,../data/raw/transfermarkt-scraper/2016/clubs.json.gz,https://www.transfermarkt.co.uk/palermo-fc/startseite/verein/458
46,inter-mailand,Inter Milan,IT1,,25,27.4,18,72.0,17,Giuseppe Meazza,75923,€-14.50m,Cristian Chivu,2025,../data/raw/transfermarkt-scraper/2025/clubs.json.gz,https://www.transfermarkt.co.uk/inter-mailand/startseite/verein/46
467,nec-nijmegen,NEC Nijmegen,NL1,,25,26.0,12,48.0,5,Goffertstadion,12650,+€12.35m,Dick Schreuder,2025,../data/raw/transfermarkt-scraper/2025/clubs.json.gz,https://www.transfermarkt.co.uk/nec-nijmegen/startseite/verein/467
468,sparta-rotterdam,Sparta Rotterdam,NL1,,23,24.8,7,30.4,3,Sparta-stadion - Het Kasteel,10599,€-1.65m,Maurice Steijn,2025,../data/raw/transfermarkt-scraper/2025/clubs.json.gz,https://www.transfermarkt.co.uk/sparta-rotterdam/startseite/verein/468
472,ud-las-palmas,UD Las Palmas,ES1,,27,26.6,6,22.2,1,Estadio de Gran Canaria,32400,+€14.06m,Luis Carrión,2024,../data/raw/transfermarkt-scraper/2024/clubs.json.gz,https://www.transfermarkt.co.uk/ud-las-palmas/startseite/verein/472
4750,sc-olhanense,SC Olhanense,PO1,,10,23.4,5,50.0,0,Estádio José Arcanjo,10080,+-0,,2013,../data/raw/transfermarkt-scraper/2013/clubs.json.gz,https://www.transfermarkt.co.uk/sc-olhanense/startseite/verein/4750
4795,fc-ingolstadt-04,FC Ingolstadt 04,L1,,28,24.3,8,28.6,1,Audi Sportpark,15800,+€1.55m,,2016,../data/raw/transfermarkt-scraper/2016/clubs.json.gz,https://www.transfermarkt.co.uk/fc-ingolstadt-04/startseite/verein/4795
499,vitesse-arnheim,Vitesse Arnhem,NL1,,25,21.3,5,20.0,0,GelreDome,21248,+-0,,2023,../data/raw/transfermarkt-scraper/2023/clubs.json.gz,https://www.transfermarkt.co.uk/vitesse-arnheim/startseite/verein/499
5,ac-mailand,AC Milan,IT1,,32,25.4,22,68.8,21,Giuseppe Meazza,75923,€-60.85m,Massimiliano Allegri,2025,../data/raw/transfermarkt-scraper/2025/clubs.json.gz,https://www.transfermarkt.co.uk/ac-mailand/startseite/verein/5
506,juventus-turin,Juventus FC,IT1,,29,27.2,20,69.0,17,Allianz Stadium,41507,€-47.05m,Igor Tudor,2025,../data/raw/transfermarkt-scraper/2025/clubs.json.gz,https://www.transfermarkt.co.uk/juventus-turin/startseite/verein/506
512,stoke-city,Stoke City,GB1,,24,26.7,9,37.5,6,bet365 Stadium,30089,+€17.00m,,2017,../data/raw/transfermarkt-scraper/2017/clubs.json.gz,https://www.transfermarkt.co.uk/stoke-city/startseite/verein/512
51663,atlanta-united-fc,Atlanta United Football Club,MLS1,,26,26.4,20,76.9,8,Mercedes-Benz Stadium,73019,€-4.69m,,2025,../data/raw/transfermarkt-scraper/2025/clubs.json.gz,https://www.transfermarkt.co.uk/atlanta-united-fc/startseite/verein/51663
51772,fc-cincinnati,Football Club Cincinnati,MLS1,,28,26.0,18,64.3,7,TQL Stadium,26000,+€570k,,2025,../data/raw/transfermarkt-scraper/2025/clubs.json.gz,https://www.transfermarkt.co.uk/fc-cincinnati/startseite/verein/51772
51828,los-angeles-fc,Los Angeles Football Club,MLS1,,26,27.5,15,57.7,7,BMO Stadium,22000,€-27.66m,,2025,../data/raw/transfermarkt-scraper/2025/clubs.json.gz,https://www.transfermarkt.co.uk/los-angeles-fc/startseite/verein/51828
533,tsg-1899-hoffenheim,TSG 1899 Hoffenheim,L1,,36,24.3,22,61.1,12,PreZero Arena,30150,+€2.05m,Christian Ilzer,2025,../data/raw/transfermarkt-scraper/2025/clubs.json.gz,https://www.transfermarkt.co.uk/tsg-1899-hoffenheim/startseite/verein/533
5358,sd-huesca,SD Huesca,ES1,,24,27.5,8,33.3,2,El Alcoraz,9128,+€1.43m,,2020,../data/raw/transfermarkt-scraper/2020/clubs.json.gz,https://www.transfermarkt.co.uk/sd-huesca/startseite/verein/5358
537,botafogo-rio-de-janeiro,S. A. F. Botafogo,BRA1,,34,26.2,13,38.2,5,Estádio Olímpico Nilton Santos,46931,+€40.04m,,2025,../data/raw/transfermarkt-scraper/2025/clubs.json.gz,https://www.transfermarkt.co.uk/botafogo-rio-de-janeiro/startseite/verein/537
543,wolverhampton-wanderers,Wolverhampton Wanderers,GB1,,32,26.5,27,84.4,17,Molineux Stadium,31750,€-17.50m,Vítor Pereira,2025,../data/raw/transfermarkt-scraper/2025/clubs.json.gz,https://www.transfermarkt.co.uk/wolverhampton-wanderers/startseite/verein/543
56089,minnesota-united-fc,Minnesota United FC,MLS1,,29,25.7,17,58.6,5,Allianz Field,19600,+€3.06m,,2025,../data/raw/transfermarkt-scraper/2025/clubs.json.gz,https://www.transfermarkt.co.uk/minnesota-united-fc/startseite/verein/56089
583,fc-paris-saint-germain,Paris Saint-Germain,FR1,,27,24.2,17,63.0,20,Parc des Princes,48583,+€78.10m,Luis Enrique,2025,../data/raw/transfermarkt-scraper/2025/clubs.json.gz,https://www.transfermarkt.co.uk/fc-paris-saint-germain/startseite/verein/583
585,fc-sao-paulo,São Paulo Futebol Clube,BRA1,,42,26.4,9,21.4,3,MorumBIS,72039,+€24.69m,,2025,../data/raw/transfermarkt-scraper/2025/clubs.json.gz,https://www.transfermarkt.co.uk/fc-sao-paulo/startseite/verein/585
593,kyoto-sanga,Kyoto Purple Sanga,JAP1,,36,27.4,10,27.8,0,Sanga Stadium by KYOCERA,21600,+€2.50m,,2025,../data/raw/transfermarkt-scraper/2025/clubs.json.gz,https://www.transfermarkt.co.uk/kyoto-sanga/startseite/verein/593
595,sc-bastia,SC Bastia,FR1,,25,27.6,8,32.0,6,Stade Armand-Cesari,16480,+€480k,,2016,../data/raw/transfermarkt-scraper/2016/clubs.json.gz,https://www.transfermarkt.co.uk/sc-bastia/startseite/verein/595
596,gamba-osaka,Gamba Osaka,JAP1,,32,27.2,4,12.5,1,PANASONIC Stadium Suita,39694,+-0,,2025,../data/raw/transfermarkt-scraper/2025/clubs.json.gz,https://www.transfermarkt.co.uk/gamba-osaka/startseite/verein/596
60,sc-freiburg,SC Freiburg,L1,,30,26.3,14,46.7,7,Europa-Park Stadion,34700,€-1.85m,Julian Schuster,2025,../data/raw/transfermarkt-scraper/2025/clubs.json.gz,https://www.transfermarkt.co.uk/sc-freiburg/startseite/verein/60
603,cardiff-city,Cardiff City,GB1,,28,25.5,24,85.7,8,Cardiff City Stadium,33280,€-655k,,2018,../data/raw/transfermarkt-scraper/2018/clubs.json.gz,https://www.transfermarkt.co.uk/cardiff-city/startseite/verein/603
607,venezia-fc,Venezia FC,IT1,,29,26.2,19,65.5,6,Pier Luigi Penzo,12048,€-11.13m,Eusebio Di Francesco,2024,../data/raw/transfermarkt-scraper/2024/clubs.json.gz,https://www.transfermarkt.co.uk/venezia-fc/startseite/verein/607
609,ec-cruzeiro-belo-horizonte,Cruzeiro Esporte Clube,BRA1,,30,26.8,7,23.3,3,Estádio Governador Magalhães Pinto,61927,€-36.26m,,2025,../data/raw/transfermarkt-scraper/2025/clubs.json.gz,https://www.transfermarkt.co.uk/ec-cruzeiro-belo-horizonte/startseite/verein/609
610,ajax-amsterdam,Ajax Amsterdam,NL1,,26,24.9,15,57.7,9,Johan Cruijff ArenA,55885,+€24.80m,John Heitinga,2025,../data/raw/transfermarkt-scraper/2025/clubs.json.gz,https://www.transfermarkt.co.uk/ajax-amsterdam/startseite/verein/610
614,flamengo-rio-de-janeiro,Clube de Regatas do Flamengo,BRA1,,28,28.8,9,32.1,10,Estádio Jornalista Mário Filho,82238,€-13.92m,,2025,../data/raw/transfermarkt-scraper/2025/clubs.json.gz,https://www.transfermarkt.co.uk/flamengo-rio-de-janeiro/startseite/verein/614
618,as-saint-etienne,AS Saint-Étienne,FR1,,29,24.1,16,55.2,7,Stade Geoffroy-Guichard,41965,€-22.05m,Olivier Dall'Oglio,2024,../data/raw/transfermarkt-scraper/2024/clubs.json.gz,https://www.transfermarkt.co.uk/as-saint-etienne/startseite/verein/618
6195,ssc-neapel,SSC Napoli,IT1,,41,27.1,23,56.1,18,Diego Armando Maradona,54726,€-54.30m,Antonio Conte,2025,../data/raw/transfermarkt-scraper/2025/clubs.json.gz,https://www.transfermarkt.co.uk/ssc-neapel/startseite/verein/6195
621,athletic-bilbao,Athletic Bilbao,ES1,,32,26.8,4,12.5,7,San Mamés,53289,+€4.50m,Ernesto Valverde,2025,../data/raw/transfermarkt-scraper/2025/clubs.json.gz,https://www.transfermarkt.co.uk/athletic-bilbao/startseite/verein/621
623,new-york-red-bulls,Red Bull New York,MLS1,,30,24.1,16,53.3,6,Sports Illustrated Stadium,25000,€-3.62m,,2025,../data/raw/transfermarkt-scraper/2025/clubs.json.gz,https://www.transfermarkt.co.uk/new-york-red-bulls/startseite/verein/623
626,new-england-revolution,New England Revolution,MLS1,,26,24.8,12,46.2,6,Gillette Stadium,68756,€-6.47m,,2025,../data/raw/transfermarkt-scraper/2025/clubs.json.gz,https://www.transfermarkt.co.uk/new-england-revolution/startseite/verein/626
631,fc-chelsea,Chelsea FC,GB1,,38,23.4,29,76.3,17,Stamford Bridge,41631,€-43.40m,Enzo Maresca,2025,../data/raw/transfermarkt-scraper/2025/clubs.json.gz,https://www.transfermarkt.co.uk/fc-chelsea/startseite/verein/631
6321,vancouver-whitecaps-fc,Vancouver Whitecaps FC,MLS1,,27,26.1,22,81.5,11,BC Place,54500,+€2.80m,,2025,../data/raw/transfermarkt-scraper/2025/clubs.json.gz,https://www.transfermarkt.co.uk/vancouver-whitecaps-fc/startseite/verein/6321
63966,nashville-sc,Nashville SC,MLS1,,28,26.1,17,60.7,7,GEODIS Park,30000,€-830k,,2025,../data/raw/transfermarkt-scraper/2025/clubs.json.gz,https://www.transfermarkt.co.uk/nashville-sc/startseite/verein/63966
641,fc-middlesbrough,Middlesbrough FC,GB1,,25,26.1,8,32.0,6,Riverside Stadium,33746,+€16.68m,,2016,../data/raw/transfermarkt-scraper/2016/clubs.json.gz,https://www.transfermarkt.co.uk/fc-middlesbrough/startseite/verein/641
642,de-graafschap-doetinchem,De Graafschap Doetinchem,NL1,,30,23.7,6,20.0,0,"Stadion ""De Vijverberg""",12600,+-0,,2018,../data/raw/transfermarkt-scraper/2018/clubs.json.gz,https://www.transfermarkt.co.uk/de-graafschap-doetinchem/startseite/verein/642
65,spvgg-greuther-furth,SpVgg Greuther Fürth,L1,,28,24.0,11,39.3,2,Sportpark Ronhof | Thomas Sommer,16626,+€3.97m,,2021,../data/raw/transfermarkt-scraper/2021/clubs.json.gz,https://www.transfermarkt.co.uk/spvgg-greuther-furth/startseite/verein/65
6574,us-sassuolo,US Sassuolo,IT1,,40,24.8,18,45.0,11,Mapei Stadium - Città del Tricolore,21584,€-8.50m,Fabio Grosso,2025,../data/raw/transfermarkt-scraper/2025/clubs.json.gz,https://www.transfermarkt.co.uk/us-sassuolo/startseite/verein/6574
6600,sc-internacional-porto-alegre,Sport Club Internacional,BRA1,,32,26.7,9,28.1,3,Estádio Beira-Rio,50848,+€41.39m,,2025,../data/raw/transfermarkt-scraper/2025/clubs.json.gz,https://www.transfermarkt.co.uk/sc-internacional-porto-alegre/startseite/verein/6600
6631,fc-tokyo,Tokyo Football Club,JAP1,,29,26.6,3,10.3,3,AJINOMOTO Stadium,49970,+€4.00m,,2025,../data/raw/transfermarkt-scraper/2025/clubs.json.gz,https://www.transfermarkt.co.uk/fc-tokyo/startseite/verein/6631
6632,kashiwa-reysol,Hitachi Kashiwa Reysol,JAP1,,39,27.6,0,,4,SANKYO FRONTIER Kashiwa Stadium,15349,+€500k,,2025,../data/raw/transfermarkt-scraper/2025/clubs.json.gz,https://www.transfermarkt.co.uk/kashiwa-reysol/startseite/verein/6632
6643,real-salt-lake-city,Real Salt Lake,MLS1,,35,24.0,19,54.3,3,America First Field,20213,€-10.54m,,2025,../data/raw/transfermarkt-scraper/2025/clubs.json.gz,https://www.transfermarkt.co.uk/real-salt-lake-city/startseite/verein/6643
667,rc-strassburg-alsace,RC Strasbourg Alsace,FR1,,34,21.9,26,76.5,11,Stade de la Meinau,32000,€-18.50m,Liam Rosenior,2025,../data/raw/transfermarkt-scraper/2025/clubs.json.gz,https://www.transfermarkt.co.uk/rc-strassburg-alsace/startseite/verein/667
672,jef-united-chiba,JEF United,JAP1,,34,28.1,5,14.7,0,Fukuda Denshi Arena,19781,€-1.10m,,2025,../data/raw/transfermarkt-scraper/2025/clubs.json.gz,https://www.transfermarkt.co.uk/jef-united-chiba/startseite/verein/672
677,ipswich-town,Ipswich Town,GB1,,26,27.8,13,50.0,8,Portman Road,30056,+€29.95m,Kieran McKenna,2024,../data/raw/transfermarkt-scraper/2024/clubs.json.gz,https://www.transfermarkt.co.uk/ipswich-town/startseite/verein/677
679,club-athletico-paranaense,Clube Atlético Paranaense,BRA1,,33,25.9,12,36.4,1,Estádio Mário Celso Petraglia,42372,€-1.51m,,2025,../data/raw/transfermarkt-scraper/2025/clubs.json.gz,https://www.transfermarkt.co.uk/club-athletico-paranaense/startseite/verein/679
681,real-sociedad-san-sebastian,Real Sociedad,ES1,,28,25.9,8,28.6,13,Anoeta,40000,+€4.50m,Sergio Francisco,2025,../data/raw/transfermarkt-scraper/2025/clubs.json.gz,https://www.transfermarkt.co.uk/real-sociedad-san-sebastian/startseite/verein/681
68608,cf-os-belenenses,CF Os Belenenses,PO1,,30,25.7,5,16.7,0,Estádio do Restelo,19980,+-0,,2017,../data/raw/transfermarkt-scraper/2017/clubs.json.gz,https://www.transfermarkt.co.uk/cf-os-belenenses/startseite/verein/68608
6912,fc-vizela,FC Vizela,PO1,,27,24.6,20,74.1,3,Estádio do Vizela,6565,+€4.85m,,2023,../data/raw/transfermarkt-scraper/2023/clubs.json.gz,https://www.transfermarkt.co.uk/fc-vizela/startseite/verein/6912
69261,inter-miami-cf,Club Internacional de Fútbol Miami,MLS1,,27,25.4,20,74.1,8,Nu Stadium,26700,€-36.02m,,2025,../data/raw/transfermarkt-scraper/2025/clubs.json.gz,https://www.transfermarkt.co.uk/inter-miami-cf/startseite/verein/69261
703,nottingham-forest,Nottingham Forest,GB1,,27,26.0,20,74.1,11,The City Ground,30404,+€144.00m,Nuno Espírito Santo,2025,../data/raw/transfermarkt-scraper/2025/clubs.json.gz,https://www.transfermarkt.co.uk/nottingham-forest/startseite/verein/703
7097,club-atletico-union,Club Atlético Unión,ARG1,,22,27.0,1,4.5,0,15 de Abril,27358,€-351k,,2025,../data/raw/transfermarkt-scraper/2025/clubs.json.gz,https://www.transfermarkt.co.uk/club-atletico-union/startseite/verein/7097
714,espanyol-barcelona,RCD Espanyol Barcelona,ES1,,28,26.2,7,25.0,2,RCDE Stadium,37776,€-5.00m,Manolo González,2025,../data/raw/transfermarkt-scraper/2025/clubs.json.gz,https://www.transfermarkt.co.uk/espanyol-barcelona/startseite/verein/714
7179,cd-tondela,CD Tondela,PO1,,24,25.8,17,70.8,3,Estádio João Cardoso,5000,+€400k,Ivo Vieira,2025,../data/raw/transfermarkt-scraper/2025/clubs.json.gz,https://www.transfermarkt.co.uk/cd-tondela/startseite/verein/7179
720,fc-porto,FC Porto,PO1,,29,25.4,19,65.5,11,Estádio do Dragão,50033,€-13.50m,Francesco Farioli,2025,../data/raw/transfermarkt-scraper/2025/clubs.json.gz,https://www.transfermarkt.co.uk/fc-porto/startseite/verein/720
723,almere-city-fc,Almere City FC,NL1,,27,23.8,4,14.8,1,Yanmar Stadion,4501,+€450k,Hedwiges Maduro,2024,../data/raw/transfermarkt-scraper/2024/clubs.json.gz,https://www.transfermarkt.co.uk/almere-city-fc/startseite/verein/723
72309,austin-fc,Austin FC,MLS1,,25,27.2,15,60.0,6,Q2 Stadium,20738,€-5.73m,,2025,../data/raw/transfermarkt-scraper/2025/clubs.json.gz,https://www.transfermarkt.co.uk/austin-fc/startseite/verein/72309
724,fc-volendam,FC Volendam,NL1,,25,23.1,5,20.0,3,Kras Stadion,6800,+-0,Rick Kruys,2025,../data/raw/transfermarkt-scraper/2025/clubs.json.gz,https://www.transfermarkt.co.uk/fc-volendam/startseite/verein/724
7378,portimonense-sc,Portimonense SC,PO1,,35,23.3,27,77.1,2,Estádio Municipal de Portimão,4961,+€6.70m,,2023,../data/raw/transfermarkt-scraper/2023/clubs.json.gz,https://www.transfermarkt.co.uk/portimonense-sc/startseite/verein/7378
738,ac-le-havre,Le Havre AC,FR1,,20,24.2,10,50.0,6,Stade Océane,25178,+-0,Didier Digard,2025,../data/raw/transfermarkt-scraper/2025/clubs.json.gz,https://www.transfermarkt.co.uk/ac-le-havre/startseite/verein/738
749,fc-empoli,FC Empoli,IT1,,33,24.4,9,27.3,1,Carlo Castellani,19847,+€23.57m,Roberto D'Aversa,2024,../data/raw/transfermarkt-scraper/2024/clubs.json.gz,https://www.transfermarkt.co.uk/fc-empoli/startseite/verein/749
750,fc-sochaux-montbeliard,FC Sochaux-Montbéliard,FR1,,29,23.0,9,31.0,1,Stade Auguste-Bonal,20005,+€6.30m,,2013,../data/raw/transfermarkt-scraper/2013/clubs.json.gz,https://www.transfermarkt.co.uk/fc-sochaux-montbeliard/startseite/verein/750
762,newcastle-united,Newcastle United,GB1,,25,26.1,14,56.0,13,St James' Park,52258,+€93.00m,Eddie Howe,2025,../data/raw/transfermarkt-scraper/2025/clubs.json.gz,https://www.transfermarkt.co.uk/newcastle-united/startseite/verein/762
776,coritiba-fc,Coritiba Foot Ball Club,BRA1,,32,28.3,4,12.5,0,Estádio Major Antônio Couto Pereira,40502,€-2.73m,,2025,../data/raw/transfermarkt-scraper/2025/clubs.json.gz,https://www.transfermarkt.co.uk/coritiba-fc/startseite/verein/776
78435,charlotte-fc,Charlotte Football Club,MLS1,,29,26.2,16,55.2,5,Bank of America Stadium,75412,+€8.97m,,2025,../data/raw/transfermarkt-scraper/2025/clubs.json.gz,https://www.transfermarkt.co.uk/charlotte-fc/startseite/verein/78435
79,vfb-stuttgart,VfB Stuttgart,L1,,33,24.9,17,51.5,14,MHPArena Stuttgart,60449,€-16.20m,Sebastian Hoeneß,2025,../data/raw/transfermarkt-scraper/2025/clubs.json.gz,https://www.transfermarkt.co.uk/vfb-stuttgart/startseite/verein/79
798,sbv-excelsior-rotterdam,Excelsior Rotterdam,NL1,,21,23.4,7,33.3,2,"Stadion ""Woudestein""",4400,€-660k,Ruben den Uil,2025,../data/raw/transfermarkt-scraper/2025/clubs.json.gz,https://www.transfermarkt.co.uk/sbv-excelsior-rotterdam/startseite/verein/798
80,vfl-bochum,VfL Bochum,L1,,29,25.5,9,31.0,3,Vonovia Ruhrstadion,26000,+€5.90m,Peter Zeidler,2024,../data/raw/transfermarkt-scraper/2024/clubs.json.gz,https://www.transfermarkt.co.uk/vfl-bochum/startseite/verein/80
800,atalanta-bergamo,Atalanta BC,IT1,,31,26.8,16,51.6,21,New Balance Arena - Bergamo,24950,+€55.00m,Ivan Jurić,2025,../data/raw/transfermarkt-scraper/2025/clubs.json.gz,https://www.transfermarkt.co.uk/atalanta-bergamo/startseite/verein/800
8024,fc-arouca,FC Arouca,PO1,,28,24.9,24,85.7,3,Estádio Municipal de Arouca,5000,€-1.84m,Vasco Seabra,2025,../data/raw/transfermarkt-scraper/2025/clubs.json.gz,https://www.transfermarkt.co.uk/fc-arouca/startseite/verein/8024
813,columbus-crew-sc,Columbus Crew,MLS1,,29,26.6,16,55.2,8,ScottsMiracle-Gro Field,20011,€-9.76m,,2025,../data/raw/transfermarkt-scraper/2025/clubs.json.gz,https://www.transfermarkt.co.uk/columbus-crew-sc/startseite/verein/813
82,vfl-wolfsburg,VfL Wolfsburg,L1,,39,25.6,25,64.1,13,Volkswagen Arena,28917,+€550k,Paul Simonis,2025,../data/raw/transfermarkt-scraper/2025/clubs.json.gz,https://www.transfermarkt.co.uk/vfl-wolfsburg/startseite/verein/82
826,rc-lens,RC Lens,FR1,,30,24.9,15,50.0,12,Stade Bollaert-Delelis,38223,+€13.70m,Pierre Sage,2025,../data/raw/transfermarkt-scraper/2025/clubs.json.gz,https://www.transfermarkt.co.uk/rc-lens/startseite/verein/826
82686,st-louis-city-sc,St. Louis City Soccer Club,MLS1,,26,25.9,16,61.5,1,Energizer Park,22500,€-5.69m,,2025,../data/raw/transfermarkt-scraper/2025/clubs.json.gz,https://www.transfermarkt.co.uk/st-louis-city-sc/startseite/verein/82686
828,urawa-red-diamonds,Urawa Red Diamonds,JAP1,,29,26.7,4,13.8,0,Saitama Stadium 2002,63700,+-0,,2025,../data/raw/transfermarkt-scraper/2025/clubs.json.gz,https://www.transfermarkt.co.uk/urawa-red-diamonds/startseite/verein/828
830,club-atletico-banfield,Club Atlético Banfield,ARG1,,28,25.4,5,17.9,0,Florencio Sola,34901,+€3.77m,,2025,../data/raw/transfermarkt-scraper/2025/clubs.json.gz,https://www.transfermarkt.co.uk/club-atletico-banfield/startseite/verein/830
8344,albirex-niigata,Albirex Niigata,JAP1,,32,26.9,4,12.5,2,Denka Big Swan Stadium,42300,€-325k,Rikizo Matsuhashi,2024,../data/raw/transfermarkt-scraper/2024/clubs.json.gz,https://www.transfermarkt.co.uk/albirex-niigata/startseite/verein/8344
8457,shonan-bellmare,Shonan Bellmare,JAP1,,34,27.2,2,5.9,0,Lemongas Stadium Hiratsuka,15690,+€1.20m,Satoshi Yamaguchi,2024,../data/raw/transfermarkt-scraper/2024/clubs.json.gz,https://www.transfermarkt.co.uk/shonan-bellmare/startseite/verein/8457
855,ea-guingamp,EA Guingamp,FR1,,27,25.4,7,25.9,1,Stade du Roudourou,18120,+€3.70m,,2018,../data/raw/transfermarkt-scraper/2018/clubs.json.gz,https://www.transfermarkt.co.uk/ea-guingamp/startseite/verein/855
86,sv-werder-bremen,SV Werder Bremen,L1,,31,25.0,21,67.7,9,Weserstadion,41800,+€6.00m,Horst Steffen,2025,../data/raw/transfermarkt-scraper/2025/clubs.json.gz,https://www.transfermarkt.co.uk/sv-werder-bremen/startseite/verein/86
862,chievo-verona,Chievo Verona,IT1,,0,,0,,0,Marcantonio Bentegodi,31045,+-0,,2018,../data/raw/transfermarkt-scraper/2018/clubs.json.gz,https://www.transfermarkt.co.uk/chievo-verona/startseite/verein/862
8718,sport-club-do-recife,Sport Club do Recife,BRA1,,29,27.1,1,3.4,0,Estádio Adelmar da Costa Carvalho,35000,+€2.95m,Mariano Soso,2024,../data/raw/transfermarkt-scraper/2024/clubs.json.gz,https://www.transfermarkt.co.uk/sport-club-do-recife/startseite/verein/8718
873,crystal-palace,Crystal Palace,GB1,,31,26.3,21,67.7,19,Selhurst Park,25486,+-0,Oliver Glasner,2025,../data/raw/transfermarkt-scraper/2025/clubs.json.gz,https://www.transfermarkt.co.uk/crystal-palace/startseite/verein/873
8793,red-bull-bragantino,Red Bull Bragantino,BRA1,,39,25.6,9,23.1,3,Estádio Municipal Cicero De Souza Marques,12000,+€10.50m,,2025,../data/raw/transfermarkt-scraper/2025/clubs.json.gz,https://www.transfermarkt.co.uk/red-bull-bragantino/startseite/verein/8793
8816,fc-dallas,FC Dallas,MLS1,,35,24.4,21,60.0,4,Toyota Stadium,20500,€-778k,,2025,../data/raw/transfermarkt-scraper/2025/clubs.json.gz,https://www.transfermarkt.co.uk/fc-dallas/startseite/verein/8816
89,1-fc-union-berlin,1.FC Union Berlin,L1,,31,26.0,18,58.1,7,Stadion An der Alten Försterei,22012,€-400k,Steffen Baumgart,2025,../data/raw/transfermarkt-scraper/2025/clubs.json.gz,https://www.transfermarkt.co.uk/1-fc-union-berlin/startseite/verein/89
897,deportivo-la-coruna,Deportivo de La Coruña,ES1,,24,27.7,3,12.5,0,Abanca Riazor,32912,€-435k,,2017,../data/raw/transfermarkt-scraper/2017/clubs.json.gz,https://www.transfermarkt.co.uk/deportivo-la-coruna/startseite/verein/897
8970,frosinone-calcio,Frosinone Calcio,IT1,,31,23.8,15,48.4,5,Benito Stirpe,16227,+€5.81m,,2023,../data/raw/transfermarkt-scraper/2023/clubs.json.gz,https://www.transfermarkt.co.uk/frosinone-calcio/startseite/verein/8970
9168,houston-dynamo-fc,Houston Dynamo,MLS1,,27,27.9,19,70.4,3,Shell Energy Stadium,22039,€-9.36m,,2025,../data/raw/transfermarkt-scraper/2025/clubs.json.gz,https://www.transfermarkt.co.uk/houston-dynamo-fc/startseite/verein/9168
928,club-atletico-platense,Club Atlético Platense,ARG1,,32,26.1,2,6.3,0,Ciudad de Vicente López,28530,+€2.32m,,2025,../data/raw/transfermarkt-scraper/2025/clubs.json.gz,https://www.transfermarkt.co.uk/club-atletico-platense/startseite/verein/928
931,fc-fulham,Fulham FC,GB1,,22,27.8,18,81.8,10,Craven Cottage,29589,€-6.00m,Marco Silva,2025,../data/raw/transfermarkt-scraper/2025/clubs.json.gz,https://www.transfermarkt.co.uk/fc-fulham/startseite/verein/931
940,celta-vigo,Celta de Vigo,ES1,,29,27.1,6,20.7,5,Abanca Balaídos,22803,+-0,Claudio Giráldez,2025,../data/raw/transfermarkt-scraper/2025/clubs.json.gz,https://www.transfermarkt.co.uk/celta-vigo/startseite/verein/940
943,yokohama-fc,Yokohama FC,JAP1,,29,26.0,4,13.8,0,NHK Spring Mitsuzawa Stadium,15454,+-0,Shuhei Yomoda,2024,../data/raw/transfermarkt-scraper/2024/clubs.json.gz,https://www.transfermarkt.co.uk/yokohama-fc/startseite/verein/943
9597,avispa-fukuoka,Avispa Fukuoka,JAP1,,38,26.2,1,2.6,0,Best Denki Stadium,21562,+-0,,2025,../data/raw/transfermarkt-scraper/2025/clubs.json.gz,https://www.transfermarkt.co.uk/avispa-fukuoka/startseite/verein/9597
9598,kawasaki-frontale,Kawasaki Frontale,JAP1,,33,26.7,7,21.2,1,Uvance Todoroki Stadium by Fujitsu,27495,+-0,,2025,../data/raw/transfermarkt-scraper/2025/clubs.json.gz,https://www.transfermarkt.co.uk/kawasaki-frontale/startseite/verein/9598
9636,seattle-sounders-fc,Seattle Sounders FC,MLS1,,28,27.5,11,39.3,4,Lumen Field,68740,+€6.43m,,2025,../data/raw/transfermarkt-scraper/2025/clubs.json.gz,https://www.transfermarkt.co.uk/seattle-sounders-fc/startseite/verein/9636
969,montpellier-hsc,Montpellier HSC,FR1,,23,24.3,10,43.5,2,Stade de la Mosson,22000,+€6.55m,Michel Der Zakarian,2024,../data/raw/transfermarkt-scraper/2024/clubs.json.gz,https://www.transfermarkt.co.uk/montpellier-hsc/startseite/verein/969
976,cf-uniao-madeira,CF União Madeira (-2021),PO1,,0,,0,,0,Centro Desportivo da Madeira,2500,+-0,,2015,../data/raw/transfermarkt-scraper/2015/clubs.json.gz,https://www.transfermarkt.co.uk/cf-uniao-madeira/startseite/verein/976
978,vasco-da-gama-rio-de-janeiro,Club de Regatas Vasco da Gama,BRA1,,32,26.1,10,31.3,5,Estádio São Januário,24584,+€23.85m,,2025,../data/raw/transfermarkt-scraper/2025/clubs.json.gz,https://www.transfermarkt.co.uk/vasco-da-gama-rio-de-janeiro/startseite/verein/978
979,moreirense-fc,Moreirense FC,PO1,,24,23.4,17,70.8,1,Estádio C. J. de Almeida Freitas,6150,+-0,António da Costa,2025,../data/raw/transfermarkt-scraper/2025/clubs.json.gz,https://www.transfermarkt.co.uk/moreirense-fc/startseite/verein/979
982,cd-nacional,CD Nacional,PO1,,28,24.9,22,78.6,2,Estádio da Madeira,5200,+-0,Tiago Margarido,2025,../data/raw/transfermarkt-scraper/2025/clubs.json.gz,https://www.transfermarkt.co.uk/cd-nacional/startseite/verein/982
984,west-bromwich-albion,West Bromwich Albion,GB1,,25,27.8,8,32.0,4,The Hawthorns,26850,€-1.35m,,2020,../data/raw/transfermarkt-scraper/2020/clubs.json.gz,https://www.transfermarkt.co.uk/west-bromwich-albion/startseite/verein/984
985,manchester-united,Manchester United,GB1,,32,24.9,19,59.4,18,Old Trafford,74879,+€44.00m,Rúben Amorim,2025,../data/raw/transfermarkt-scraper/2025/clubs.json.gz,https://www.transfermarkt.co.uk/manchester-united/startseite/verein/985
989,afc-bournemouth,AFC Bournemouth,GB1,,30,25.4,21,70.0,13,Vitality Stadium,11307,€-7.10m,Andoni Iraola,2025,../data/raw/transfermarkt-scraper/2025/clubs.json.gz,https://www.transfermarkt.co.uk/afc-bournemouth/startseite/verein/989
993,fc-cordoba,Córdoba CF,ES1,,24,27.9,4,16.7,0,Nuevo Arcángel,21822,+-0,,2014,../data/raw/transfermarkt-scraper/2014/clubs.json.gz,https://www.transfermarkt.co.uk/fc-cordoba/startseite/verein/993
995,fc-nantes,FC Nantes,FR1,,26,25.1,11,42.3,8,Stade de la Beaujoire,35322,+-0,Luís Castro,2025,../data/raw/transfermarkt-scraper/2025/clubs.json.gz,https://www.transfermarkt.co.uk/fc-nantes/startseite/verein/995
